{"song":{"scripts":[],"keyNumber":4,"player1":"bf cat","gfVersion":"gf","events":[],"notes":[{"duetCameraSlide":0.5,"lengthInSteps":16,"typeOfSection":0,"sectionNotes":[],"altAnim":false,"bpm":166,"changeBPM":false,"mustHitSection":false},{"duetCameraSlide":0.5,"lengthInSteps":16,"typeOfSection":0,"sectionNotes":[],"altAnim":false,"bpm":166,"changeBPM":false,"mustHitSection":false},{"duetCameraSlide":0.5,"lengthInSteps":16,"typeOfSection":0,"sectionNotes":[],"altAnim":false,"bpm":166,"changeBPM":false,"mustHitSection":false},{"duetCameraSlide":0.5,"lengthInSteps":16,"typeOfSection":0,"sectionNotes":[],"altAnim":false,"bpm":166,"changeBPM":false,"mustHitSection":false},{"duetCameraSlide":0.5,"lengthInSteps":16,"typeOfSection":0,"sectionNotes":[],"altAnim":false,"bpm":166,"changeBPM":false,"mustHitSection":true},{"duetCameraSlide":0.5,"lengthInSteps":16,"typeOfSection":0,"sectionNotes":[],"altAnim":false,"bpm":166,"changeBPM":false,"mustHitSection":true},{"duetCameraSlide":0.5,"lengthInSteps":16,"typeOfSection":0,"sectionNotes":[],"altAnim":false,"bpm":166,"changeBPM":false,"mustHitSection":true},{"duetCameraSlide":0.5,"lengthInSteps":16,"typeOfSection":0,"sectionNotes":[],"altAnim":false,"bpm":166,"changeBPM":false,"mustHitSection":true},{"duetCameraSlide":0.5,"lengthInSteps":16,"typeOfSection":0,"sectionNotes":[[11566.265060241,0,0],[11746.9879518072,1,0],[11927.7108433735,3,271.084337349397],[12289.156626506,0,0],[12469.8795180723,1,0],[12650.6024096386,2,271.084337349397]],"altAnim":false,"bpm":166,"changeBPM":false,"mustHitSection":false},{"duetCameraSlide":0.5,"lengthInSteps":16,"typeOfSection":0,"sectionNotes":[[13012.0481927711,1,0],[13192.7710843373,2,0],[13283.1325301205,0,0],[13463.8554216867,0,0],[13554.2168674699,3,0],[13734.9397590361,0,0],[13915.6626506024,1,0],[14096.3855421687,3,271.084337349399]],"altAnim":false,"bpm":166,"changeBPM":false,"mustHitSection":false},{"duetCameraSlide":0.5,"lengthInSteps":16,"typeOfSection":0,"sectionNotes":[[14457.8313253012,2,0],[14638.5542168675,1,0],[14819.2771084337,3,271.084337349397],[15180.7228915663,3,0],[15361.4457831325,3,0],[15542.1686746988,3,0]],"altAnim":false,"bpm":166,"changeBPM":false,"mustHitSection":false},{"duetCameraSlide":0.5,"lengthInSteps":16,"typeOfSection":0,"sectionNotes":[[15903.6144578313,2,0],[16084.3373493976,1,0],[16265.0602409639,3,632.530120481928]],"altAnim":false,"bpm":166,"changeBPM":false,"mustHitSection":false},{"duetCameraSlide":0.5,"lengthInSteps":16,"typeOfSection":0,"sectionNotes":[[17349.3975903614,0,0],[17530.1204819277,1,0],[17710.843373494,3,271.084337349397],[18072.2891566265,0,0],[18253.0120481928,1,0],[18433.734939759,2,271.084337349397]],"altAnim":false,"bpm":166,"changeBPM":false,"mustHitSection":true},{"duetCameraSlide":0.5,"lengthInSteps":16,"typeOfSection":0,"sectionNotes":[[18795.1807228916,1,0],[18975.9036144578,2,0],[19066.265060241,0,0],[19246.9879518072,0,0],[19337.3493975904,3,0],[19518.0722891566,0,0],[19698.7951807229,1,0],[19879.5180722892,3,271.084337349399]],"altAnim":false,"bpm":166,"changeBPM":false,"mustHitSection":true},{"duetCameraSlide":0.5,"lengthInSteps":16,"typeOfSection":0,"sectionNotes":[[20240.9638554217,2,0],[20421.686746988,1,0],[20602.4096385542,3,271.084337349397],[20963.8554216867,3,0],[21144.578313253,3,0],[21325.3012048193,3,0]],"altAnim":false,"bpm":166,"changeBPM":false,"mustHitSection":true},{"duetCameraSlide":0.5,"lengthInSteps":16,"typeOfSection":0,"sectionNotes":[[21686.7469879518,2,0],[21867.4698795181,1,0],[22048.1927710843,3,993.975903614457]],"altAnim":false,"bpm":166,"changeBPM":false,"mustHitSection":true},{"duetCameraSlide":0.5,"lengthInSteps":16,"typeOfSection":0,"sectionNotes":[[23132.5301204819,0,0],[23313.2530120482,3,0],[23493.9759036145,1,0],[23674.6987951807,1,0],[23855.421686747,3,271.084337349395],[24216.8674698795,2,271.084337349399]],"altAnim":false,"bpm":166,"changeBPM":false,"mustHitSection":false},{"duetCameraSlide":0.5,"lengthInSteps":16,"typeOfSection":0,"sectionNotes":[[24578.313253012,0,0],[24759.0361445783,0,0],[24939.7590361446,3,632.530120481926],[25662.6506024096,2,271.084337349395]],"altAnim":false,"bpm":166,"changeBPM":false,"mustHitSection":false},{"duetCameraSlide":0.5,"lengthInSteps":16,"typeOfSection":0,"sectionNotes":[[26024.0963855422,0,0],[26204.8192771084,0,0],[26385.5421686747,2,0],[26566.265060241,2,0],[26746.9879518072,3,632.53012048193]],"altAnim":false,"bpm":166,"changeBPM":false,"mustHitSection":false},{"duetCameraSlide":0.5,"lengthInSteps":16,"typeOfSection":0,"sectionNotes":[[27469.8795180723,1,0],[27650.6024096386,0,0],[27831.3253012048,3,0],[28012.0481927711,1,0],[28192.7710843373,2,271.084337349399],[28554.2168674699,3,451.807228915663]],"altAnim":false,"bpm":166,"changeBPM":false,"mustHitSection":false},{"duetCameraSlide":0.5,"lengthInSteps":16,"typeOfSection":0,"sectionNotes":[[28915.6626506024,0,0],[29096.3855421687,3,0],[29277.1084337349,1,0],[29457.8313253012,1,0],[29638.5542168675,3,271.084337349395],[30000,2,271.084337349399]],"altAnim":false,"bpm":166,"changeBPM":false,"mustHitSection":true},{"duetCameraSlide":0.5,"lengthInSteps":16,"typeOfSection":0,"sectionNotes":[[30361.4457831325,0,0],[30542.1686746988,0,0],[30722.8915662651,3,632.530120481926],[31445.7831325301,2,271.084337349395]],"altAnim":false,"bpm":166,"changeBPM":false,"mustHitSection":true},{"duetCameraSlide":0.5,"lengthInSteps":16,"typeOfSection":0,"sectionNotes":[[31807.2289156626,0,0],[31987.9518072289,0,0],[32168.6746987952,2,0],[32349.3975903614,2,0],[32530.1204819277,3,632.53012048193]],"altAnim":false,"bpm":166,"changeBPM":false,"mustHitSection":true},{"duetCameraSlide":0.5,"lengthInSteps":16,"typeOfSection":0,"sectionNotes":[[33253.0120481928,1,0],[33433.734939759,0,0],[33614.4578313253,3,0],[33795.1807228916,1,0],[33975.9036144578,2,271.084337349399],[34337.3493975904,3,271.084337349392]],"altAnim":false,"bpm":166,"changeBPM":false,"mustHitSection":true},{"duetCameraSlide":0.5,"lengthInSteps":16,"typeOfSection":0,"sectionNotes":[[34698.7951807229,2,0],[34789.156626506,0,0],[34969.8795180723,1,0],[35060.2409638554,3,0],[35240.9638554217,1,0],[35421.686746988,0,632.530120481926]],"altAnim":false,"bpm":166,"changeBPM":false,"mustHitSection":false},{"duetCameraSlide":0.5,"lengthInSteps":16,"typeOfSection":0,"sectionNotes":[[36144.578313253,3,0],[36325.3012048193,0,0],[36506.0240963855,2,271.084337349399],[36867.4698795181,2,271.084337349399],[37228.9156626506,3,0],[37409.6385542169,0,0]],"altAnim":false,"bpm":166,"changeBPM":false,"mustHitSection":false},{"duetCameraSlide":0.5,"lengthInSteps":16,"typeOfSection":0,"sectionNotes":[[37590.3614457831,2,632.530120481926],[38674.6987951807,3,271.084337349399]],"altAnim":false,"bpm":166,"changeBPM":false,"mustHitSection":false},{"duetCameraSlide":0.5,"lengthInSteps":16,"typeOfSection":0,"sectionNotes":[[39036.1445783133,1,271.084337349399],[39397.5903614458,2,0],[39578.313253012,2,0],[39759.0361445783,3,0],[39939.7590361446,1,0],[40120.4819277108,0,451.807228915663]],"altAnim":false,"bpm":166,"changeBPM":false,"mustHitSection":false},{"duetCameraSlide":0.5,"lengthInSteps":16,"typeOfSection":0,"sectionNotes":[[40481.9277108434,2,0],[40572.2891566265,0,0],[40753.0120481928,1,0],[40843.3734939759,3,0],[41024.0963855422,1,0],[41204.8192771084,0,632.530120481926]],"altAnim":false,"bpm":166,"changeBPM":false,"mustHitSection":true},{"duetCameraSlide":0.5,"lengthInSteps":16,"typeOfSection":0,"sectionNotes":[[41927.7108433735,3,0],[42108.4337349398,0,0],[42289.156626506,2,271.084337349399],[42650.6024096386,2,271.084337349399],[43012.0481927711,3,0],[43192.7710843373,0,0]],"altAnim":false,"bpm":166,"changeBPM":false,"mustHitSection":true},{"duetCameraSlide":0.5,"lengthInSteps":16,"typeOfSection":0,"sectionNotes":[[43373.4939759036,2,993.975903614453],[44457.8313253012,3,271.084337349399]],"altAnim":false,"bpm":166,"changeBPM":false,"mustHitSection":true},{"duetCameraSlide":0.5,"lengthInSteps":16,"typeOfSection":0,"sectionNotes":[[44819.2771084337,1,271.084337349399],[45180.7228915663,2,0],[45361.4457831325,2,0],[45542.1686746988,3,0],[45722.8915662651,1,0],[45903.6144578313,0,632.530120481926]],"altAnim":false,"bpm":166,"changeBPM":false,"mustHitSection":true},{"duetCameraSlide":0.5,"lengthInSteps":16,"typeOfSection":0,"sectionNotes":[[46265.0602409639,0,0],[46445.7831325301,3,0],[46626.5060240964,0,0],[46716.8674698795,2,180.722891566264],[46987.9518072289,3,0],[47168.6746987952,2,451.807228915663]],"altAnim":false,"bpm":166,"changeBPM":false,"mustHitSection":false},{"duetCameraSlide":0.5,"lengthInSteps":16,"typeOfSection":0,"sectionNotes":[[47710.843373494,3,0],[47891.5662650602,1,451.807228915663],[48433.734939759,0,0],[48614.4578313253,2,0],[48795.1807228916,3,271.084337349399]],"altAnim":false,"bpm":166,"changeBPM":false,"mustHitSection":false},{"duetCameraSlide":0.5,"lengthInSteps":16,"typeOfSection":0,"sectionNotes":[[49156.6265060241,3,0],[49337.3493975904,2,0],[49518.0722891566,0,271.084337349392],[49879.5180722892,3,0],[50060.2409638554,2,0],[50240.9638554217,1,271.084337349399]],"altAnim":false,"bpm":166,"changeBPM":false,"mustHitSection":false},{"duetCameraSlide":0.5,"lengthInSteps":16,"typeOfSection":0,"sectionNotes":[[50602.4096385542,1,0],[50692.7710843373,2,0],[50963.8554216867,0,0],[51144.578313253,3,0],[51325.3012048193,3,632.530120481926]],"altAnim":false,"bpm":166,"changeBPM":false,"mustHitSection":false},{"duetCameraSlide":0.5,"lengthInSteps":16,"typeOfSection":0,"sectionNotes":[[52048.1927710844,0,0],[52228.9156626506,3,0],[52409.6385542169,0,0],[52500,2,180.722891566264],[52771.0843373494,3,0],[52951.8072289157,2,451.807228915663]],"altAnim":false,"bpm":166,"changeBPM":false,"mustHitSection":true},{"sectionNotes":[[53493.9759036145,3,0],[53674.6987951807,1,451.807228915663],[54216.8674698795,0,0],[54397.5903614458,2,0],[54578.3132530121,3,271.084337349399]],"typeOfSection":0,"lengthInSteps":16,"duetCameraSlide":0.5,"altAnim":false,"mustHitSection":true,"changeBPM":false,"bpm":166},{"sectionNotes":[[54939.7590361446,3,0],[55120.4819277109,2,0],[55301.2048192771,0,271.084337349392],[55662.6506024097,3,0],[55843.3734939759,2,0],[56024.0963855422,1,271.084337349399]],"typeOfSection":0,"lengthInSteps":16,"duetCameraSlide":0.5,"altAnim":false,"mustHitSection":true,"changeBPM":false,"bpm":166},{"sectionNotes":[[56385.5421686747,1,0],[56475.9036144578,2,0],[56746.9879518072,0,0],[56927.7108433735,3,0],[57108.4337349398,3,632.530120481926]],"typeOfSection":0,"lengthInSteps":16,"duetCameraSlide":0.5,"altAnim":false,"mustHitSection":true,"changeBPM":false,"bpm":166},{"sectionNotes":[[57831.3253012049,0,0],[58012.048192771,1,0],[58192.7710843373,3,271.084337349397],[58554.2168674698,0,0],[58734.9397590361,1,0],[58915.6626506025,2,271.084337349397]],"typeOfSection":0,"lengthInSteps":16,"duetCameraSlide":0.5,"altAnim":false,"mustHitSection":false,"changeBPM":false,"bpm":166},{"sectionNotes":[[59277.108433735,1,0],[59457.8313253012,2,0],[59548.1927710844,0,0],[59728.9156626506,0,0],[59819.2771084338,3,0],[60000,0,0],[60180.7228915663,1,0],[60361.4457831326,3,271.084337349399]],"typeOfSection":0,"lengthInSteps":16,"duetCameraSlide":0.5,"altAnim":false,"mustHitSection":false,"changeBPM":false,"bpm":166},{"sectionNotes":[[60722.8915662651,2,0],[60903.6144578314,1,0],[61084.3373493976,3,271.084337349397],[61445.7831325302,3,0],[61626.5060240964,3,0],[61807.2289156627,3,0]],"typeOfSection":0,"lengthInSteps":16,"duetCameraSlide":0.5,"altAnim":false,"mustHitSection":false,"changeBPM":false,"bpm":166},{"sectionNotes":[[62168.6746987951,2,0],[62349.3975903614,1,0],[62530.1204819277,3,632.530120481928]],"typeOfSection":0,"lengthInSteps":16,"duetCameraSlide":0.5,"altAnim":false,"mustHitSection":false,"changeBPM":false,"bpm":166},{"sectionNotes":[[63614.4578313253,0,0],[63795.1807228915,1,0],[63975.9036144578,3,271.084337349397],[64337.3493975903,0,0],[64518.0722891566,1,0],[64698.7951807229,2,271.084337349397]],"typeOfSection":0,"lengthInSteps":16,"duetCameraSlide":0.5,"altAnim":false,"mustHitSection":true,"changeBPM":false,"bpm":166},{"sectionNotes":[[65060.2409638554,1,0],[65240.9638554216,2,0],[65331.3253012048,0,0],[65512.048192771,0,0],[65602.4096385542,3,0],[65783.1325301204,0,0],[65963.8554216867,1,0],[66144.578313253,3,271.084337349399]],"typeOfSection":0,"lengthInSteps":16,"duetCameraSlide":0.5,"altAnim":false,"mustHitSection":true,"changeBPM":false,"bpm":166},{"sectionNotes":[[66506.0240963855,2,0],[66686.7469879518,1,0],[66867.469879518,3,271.084337349397],[67228.9156626506,3,0],[67409.6385542168,3,0],[67590.3614457831,3,0]],"typeOfSection":0,"lengthInSteps":16,"duetCameraSlide":0.5,"altAnim":false,"mustHitSection":true,"changeBPM":false,"bpm":166},{"sectionNotes":[[67951.8072289156,2,0],[68132.5301204819,1,0],[68313.2530120482,3,632.530120481928]],"typeOfSection":0,"lengthInSteps":16,"duetCameraSlide":0.5,"altAnim":false,"mustHitSection":true,"changeBPM":false,"bpm":166},{"sectionNotes":[[69397.5903614458,0,0],[69578.313253012,0,0],[69849.3975903614,1,0],[69939.7590361446,3,0],[70120.4819277108,0,0],[70301.2048192771,1,271.084337349399],[70662.6506024096,3,0]],"typeOfSection":0,"lengthInSteps":16,"duetCameraSlide":0.5,"altAnim":false,"mustHitSection":false,"changeBPM":false,"bpm":166},{"sectionNotes":[[70843.3734939759,3,0],[71024.0963855422,1,0],[71204.8192771084,2,0],[71385.5421686747,0,361.445783132527],[71837.3493975904,2,271.084337349399],[72198.7951807229,3,0]],"typeOfSection":0,"lengthInSteps":16,"duetCameraSlide":0.5,"altAnim":false,"mustHitSection":false,"changeBPM":false,"bpm":166},{"sectionNotes":[[72289.156626506,1,0],[72650.6024096386,2,0],[73012.0481927711,3,0],[73283.1325301205,3,0],[73373.4939759036,1,271.084337349399]],"typeOfSection":0,"lengthInSteps":16,"duetCameraSlide":0.5,"altAnim":false,"mustHitSection":false,"changeBPM":false,"bpm":166},{"sectionNotes":[[73734.9397590361,0,0],[73915.6626506024,2,0],[74096.3855421687,1,0],[74277.1084337349,3,813.253012048197]],"typeOfSection":0,"lengthInSteps":16,"duetCameraSlide":0.5,"altAnim":false,"mustHitSection":false,"changeBPM":false,"bpm":166},{"sectionNotes":[[75180.7228915663,0,0],[75361.4457831325,0,0],[75632.5301204819,1,0],[75722.8915662651,3,0],[75903.6144578313,0,0],[76084.3373493976,1,271.084337349399],[76445.7831325301,3,0]],"typeOfSection":0,"lengthInSteps":16,"duetCameraSlide":0.5,"altAnim":false,"mustHitSection":true,"changeBPM":false,"bpm":166},{"sectionNotes":[[76626.5060240964,3,0],[76807.2289156626,1,0],[76987.9518072289,2,0],[77168.6746987952,0,361.445783132527],[77620.4819277108,2,271.084337349399],[77981.9277108434,3,0]],"typeOfSection":0,"lengthInSteps":16,"duetCameraSlide":0.5,"altAnim":false,"mustHitSection":true,"changeBPM":false,"bpm":166},{"sectionNotes":[[78072.2891566265,1,0],[78433.734939759,2,0],[78795.1807228916,3,0],[79066.265060241,3,0],[79156.6265060241,1,271.084337349399]],"typeOfSection":0,"lengthInSteps":16,"duetCameraSlide":0.5,"altAnim":false,"mustHitSection":true,"changeBPM":false,"bpm":166},{"sectionNotes":[[79518.0722891566,0,0],[79698.7951807229,2,0],[79879.5180722892,1,0],[80060.2409638554,3,813.253012048197]],"typeOfSection":0,"lengthInSteps":16,"duetCameraSlide":0.5,"altAnim":false,"mustHitSection":true,"changeBPM":false,"bpm":166},{"sectionNotes":[[80963.8554216867,1,813.253012048182],[82048.1927710843,3,632.530120481926]],"typeOfSection":0,"lengthInSteps":16,"duetCameraSlide":0.5,"altAnim":false,"mustHitSection":false,"changeBPM":false,"bpm":166},{"sectionNotes":[[82771.0843373494,1,0],[82951.8072289157,3,0],[83132.5301204819,1,632.530120481926]],"typeOfSection":0,"lengthInSteps":16,"duetCameraSlide":0.5,"altAnim":false,"mustHitSection":false,"changeBPM":false,"bpm":166},{"sectionNotes":[[83855.421686747,2,0],[84036.1445783133,0,0],[84216.8674698795,2,0],[84578.313253012,3,632.530120481926]],"typeOfSection":0,"lengthInSteps":16,"duetCameraSlide":0.5,"altAnim":false,"mustHitSection":false,"changeBPM":false,"bpm":166},{"sectionNotes":[[85301.2048192771,1,271.084337349399],[85662.6506024096,0,271.084337349399],[86024.0963855422,2,271.084337349399],[86385.5421686747,3,903.614457831325]],"typeOfSection":0,"lengthInSteps":16,"duetCameraSlide":0.5,"altAnim":false,"mustHitSection":false,"changeBPM":false,"bpm":166},{"sectionNotes":[[86746.9879518072,1,993.975903614453],[87831.3253012048,3,632.530120481926]],"typeOfSection":0,"lengthInSteps":16,"duetCameraSlide":0.5,"altAnim":false,"mustHitSection":true,"changeBPM":false,"bpm":166},{"sectionNotes":[[88554.2168674699,1,0],[88734.9397590361,3,0],[88915.6626506024,1,632.530120481926]],"typeOfSection":0,"lengthInSteps":16,"duetCameraSlide":0.5,"altAnim":false,"mustHitSection":true,"changeBPM":false,"bpm":166},{"sectionNotes":[[89638.5542168675,2,0],[89819.2771084337,0,0],[90000,2,0],[90361.4457831325,3,632.530120481926]],"typeOfSection":0,"lengthInSteps":16,"duetCameraSlide":0.5,"altAnim":false,"mustHitSection":true,"changeBPM":false,"bpm":166},{"sectionNotes":[[91084.3373493976,1,271.084337349399],[91445.7831325301,0,271.084337349399],[91807.2289156626,2,271.084337349399],[92168.6746987952,3,1084.33734939758]],"typeOfSection":0,"lengthInSteps":16,"duetCameraSlide":0.5,"altAnim":false,"mustHitSection":true,"changeBPM":false,"bpm":166},{"altAnim":false,"mustHitSection":false,"duetCameraSlide":0.307142857142857,"lengthInSteps":16,"typeOfSection":0,"sectionNotes":[[92530.1204819277,0,0],[92710.843373494,1,0],[93072.2891566265,3,0],[93253.0120481928,2,0],[93433.734939759,1,0],[93614.4578313253,0,271.084337349399],[92891.5662650602,2,0]],"duetCamera":true,"bpm":166,"changeBPM":false},{"sectionNotes":[[94337.3493975904,0,271.084337349399],[93975.9036144578,0,271.084337349399],[94698.7951807229,0,0],[94879.5180722892,3,0],[95060.2409638554,2,0],[95240.9638554217,1,0]],"typeOfSection":0,"lengthInSteps":16,"duetCameraSlide":0.5,"altAnim":false,"mustHitSection":false,"changeBPM":false,"bpm":166},{"sectionNotes":[[95421.686746988,3,0],[95602.4096385542,0,0],[95783.1325301205,2,0],[95963.8554216867,1,451.80722891567],[96506.0240963855,0,0],[96686.7469879518,3,0]],"typeOfSection":0,"lengthInSteps":16,"duetCameraSlide":0.5,"altAnim":false,"mustHitSection":false,"changeBPM":false,"bpm":166},{"sectionNotes":[[96867.4698795181,1,0],[97048.1927710843,2,0],[97228.9156626506,3,0],[97409.6385542169,1,0],[97590.3614457831,2,271.084337349399],[97951.8072289157,0,271.084337349399]],"typeOfSection":0,"lengthInSteps":16,"duetCameraSlide":0.5,"altAnim":false,"mustHitSection":false,"changeBPM":false,"bpm":166},{"sectionNotes":[[98313.2530120482,0,0],[98493.9759036145,1,0],[98855.421686747,3,0],[99036.1445783132,2,0],[99216.8674698795,1,0],[99397.5903614458,0,271.084337349399],[98674.6987951807,2,0]],"typeOfSection":0,"lengthInSteps":16,"duetCameraSlide":0.5,"altAnim":false,"mustHitSection":true,"changeBPM":false,"bpm":166},{"sectionNotes":[[100120.481927711,0,271.084337349399],[99759.0361445783,0,271.084337349399],[100481.927710843,0,0],[100662.65060241,3,0],[100843.373493976,2,0],[101024.096385542,1,0]],"typeOfSection":0,"lengthInSteps":16,"duetCameraSlide":0.5,"altAnim":false,"mustHitSection":true,"changeBPM":false,"bpm":166},{"sectionNotes":[[101204.819277108,3,0],[101385.542168675,0,0],[101566.265060241,2,0],[101746.987951807,1,451.80722891567],[102289.156626506,0,0],[102469.879518072,3,0]],"typeOfSection":0,"lengthInSteps":16,"duetCameraSlide":0.5,"altAnim":false,"mustHitSection":true,"changeBPM":false,"bpm":166},{"sectionNotes":[[102650.602409639,1,0],[102831.325301205,2,0],[103012.048192771,3,0],[103192.771084337,1,0],[103373.493975904,2,271.084337349399],[103734.939759036,0,271.084337349399]],"typeOfSection":0,"lengthInSteps":16,"duetCameraSlide":0.5,"altAnim":false,"mustHitSection":true,"changeBPM":false,"bpm":166},{"sectionNotes":[[104096.385542169,2,0],[104186.746987952,0,0],[104367.469879518,1,0],[104457.831325301,3,0],[104638.554216867,1,0],[104819.277108434,0,632.530120481926]],"typeOfSection":0,"lengthInSteps":16,"duetCameraSlide":0.5,"altAnim":false,"mustHitSection":false,"changeBPM":false,"bpm":166},{"sectionNotes":[[105542.168674699,3,0],[105722.891566265,0,0],[105903.614457831,2,271.084337349399],[106265.060240964,2,271.084337349399],[106626.506024096,3,0],[106807.228915663,0,0]],"typeOfSection":0,"lengthInSteps":16,"duetCameraSlide":0.5,"altAnim":false,"mustHitSection":false,"changeBPM":false,"bpm":166},{"sectionNotes":[[106987.951807229,2,632.530120481926],[108072.289156627,3,271.084337349399]],"typeOfSection":0,"lengthInSteps":16,"duetCameraSlide":0.5,"altAnim":false,"mustHitSection":false,"changeBPM":false,"bpm":166},{"sectionNotes":[[108433.734939759,1,271.084337349399],[108795.180722892,2,0],[108975.903614458,2,0],[109156.626506024,3,0],[109337.34939759,1,0],[109518.072289157,0,451.807228915663]],"typeOfSection":0,"lengthInSteps":16,"duetCameraSlide":0.5,"altAnim":false,"mustHitSection":false,"changeBPM":false,"bpm":166},{"sectionNotes":[[109879.518072289,2,0],[109969.879518072,0,0],[110150.602409639,1,0],[110240.963855422,3,0],[110421.686746988,1,0],[110602.409638554,0,632.530120481926]],"typeOfSection":0,"lengthInSteps":16,"duetCameraSlide":0.5,"altAnim":false,"mustHitSection":true,"changeBPM":false,"bpm":166},{"sectionNotes":[[111325.301204819,3,0],[111506.024096386,0,0],[111686.746987952,2,271.084337349399],[112048.192771084,2,271.084337349399],[112409.638554217,3,0],[112590.361445783,0,0]],"typeOfSection":0,"lengthInSteps":16,"duetCameraSlide":0.5,"altAnim":false,"mustHitSection":true,"changeBPM":false,"bpm":166},{"sectionNotes":[[112771.084337349,2,632.530120481926],[113855.421686747,3,271.084337349399]],"typeOfSection":0,"lengthInSteps":16,"duetCameraSlide":0.5,"altAnim":false,"mustHitSection":true,"changeBPM":false,"bpm":166},{"sectionNotes":[[114216.86746988,1,271.084337349399],[114578.313253012,2,0],[114759.036144578,2,0],[114939.759036145,3,0],[115120.481927711,1,0],[115301.204819277,0,451.807228915663]],"typeOfSection":0,"lengthInSteps":16,"duetCameraSlide":0.5,"altAnim":false,"mustHitSection":true,"changeBPM":false,"bpm":166},{"sectionNotes":[[115662.65060241,1,0],[115843.373493976,0,0],[116204.819277108,3,0],[116385.542168675,2,0],[116566.265060241,0,0],[116024.096385542,2,0],[116746.987951807,1,632.530120481926]],"typeOfSection":0,"lengthInSteps":16,"duetCameraSlide":0.5,"altAnim":false,"mustHitSection":false,"changeBPM":false,"bpm":166},{"sectionNotes":[[117831.325301205,1,0],[118192.771084337,0,0]],"typeOfSection":0,"lengthInSteps":16,"duetCameraSlide":0.5,"altAnim":false,"mustHitSection":false,"changeBPM":false,"bpm":166},{"sectionNotes":[[118554.21686747,1,0],[118734.939759036,0,0],[119096.385542169,3,0],[119277.108433735,2,0],[119457.831325301,0,0],[118915.662650602,2,0],[119638.554216867,1,271.084337349399]],"typeOfSection":0,"lengthInSteps":16,"duetCameraSlide":0.5,"altAnim":false,"mustHitSection":false,"changeBPM":false,"bpm":166},{"sectionNotes":[[120000,0,271.084337349399],[120361.445783133,1,271.084337349399],[120722.891566265,2,271.084337349399],[121084.337349398,3,271.084337349399]],"typeOfSection":0,"lengthInSteps":16,"duetCameraSlide":0.5,"altAnim":false,"mustHitSection":false,"changeBPM":false,"bpm":166},{"sectionNotes":[[121445.78313253,1,0],[121626.506024096,0,0],[121987.951807229,3,0],[122168.674698795,2,0],[122349.397590361,0,0],[121807.228915663,2,0],[122530.120481928,1,993.975903614453]],"typeOfSection":0,"lengthInSteps":16,"duetCameraSlide":0.5,"altAnim":false,"mustHitSection":true,"changeBPM":false,"bpm":166},{"sectionNotes":[[123614.457831325,1,0],[123975.903614458,0,0]],"typeOfSection":0,"lengthInSteps":16,"duetCameraSlide":0.5,"altAnim":false,"mustHitSection":true,"changeBPM":false,"bpm":166},{"sectionNotes":[[124337.34939759,1,0],[124518.072289157,0,0],[124879.518072289,3,0],[125060.240963855,2,0],[125240.963855422,0,0],[124698.795180723,2,0],[125421.686746988,1,271.084337349399]],"typeOfSection":0,"lengthInSteps":16,"duetCameraSlide":0.5,"altAnim":false,"mustHitSection":true,"changeBPM":false,"bpm":166},{"sectionNotes":[[125963.855421687,3,0],[125783.13253012,0,0],[126506.024096386,2,0],[126867.469879518,3,993.975903614468],[126144.578313253,1,0],[126325.301204819,1,0],[126686.746987952,2,0]],"typeOfSection":0,"lengthInSteps":16,"duetCameraSlide":0.5,"altAnim":false,"mustHitSection":true,"changeBPM":false,"bpm":166},{"sectionNotes":[[127228.915662651,2,0],[127319.277108434,0,0],[127500,1,0],[127590.361445783,3,0],[127771.084337349,1,0],[127951.807228916,0,632.530120481926]],"typeOfSection":0,"lengthInSteps":16,"duetCameraSlide":0.5,"altAnim":false,"mustHitSection":false,"changeBPM":false,"bpm":166},{"sectionNotes":[[128674.698795181,3,0],[128855.421686747,0,0],[129036.144578313,2,271.084337349399],[129397.590361446,2,271.084337349399],[129759.036144578,3,0],[129939.759036145,0,0]],"typeOfSection":0,"lengthInSteps":16,"duetCameraSlide":0.5,"altAnim":false,"mustHitSection":false,"changeBPM":false,"bpm":166},{"sectionNotes":[[130120.481927711,2,632.530120481926],[131204.819277108,3,271.084337349399]],"typeOfSection":0,"lengthInSteps":16,"duetCameraSlide":0.5,"altAnim":false,"mustHitSection":false,"changeBPM":false,"bpm":166},{"sectionNotes":[[131566.265060241,1,271.084337349399],[131927.710843373,2,0],[132108.43373494,2,0],[132289.156626506,3,0],[132469.879518072,1,0],[132650.602409639,0,451.807228915663]],"typeOfSection":0,"lengthInSteps":16,"duetCameraSlide":0.5,"altAnim":false,"mustHitSection":false,"changeBPM":false,"bpm":166},{"sectionNotes":[[133012.048192771,2,0],[133102.409638554,0,0],[133283.13253012,1,0],[133373.493975904,3,0],[133554.21686747,1,0],[133734.939759036,0,632.530120481926]],"typeOfSection":0,"lengthInSteps":16,"duetCameraSlide":0.5,"altAnim":false,"mustHitSection":true,"changeBPM":false,"bpm":166},{"sectionNotes":[[134457.831325301,3,0],[134638.554216867,0,0],[134819.277108434,2,271.084337349399],[135180.722891566,2,271.084337349399],[135542.168674699,3,0],[135722.891566265,0,0]],"typeOfSection":0,"lengthInSteps":16,"duetCameraSlide":0.5,"altAnim":false,"mustHitSection":true,"changeBPM":false,"bpm":166},{"sectionNotes":[[135903.614457831,2,632.530120481926],[136987.951807229,3,271.084337349399]],"typeOfSection":0,"lengthInSteps":16,"duetCameraSlide":0.5,"altAnim":false,"mustHitSection":true,"changeBPM":false,"bpm":166},{"sectionNotes":[[137349.397590361,1,271.084337349399],[137710.843373494,2,0],[137891.56626506,2,0],[138072.289156626,3,0],[138253.012048193,1,0],[138433.734939759,0,271.084337349399]],"typeOfSection":0,"lengthInSteps":16,"duetCameraSlide":0.5,"altAnim":false,"mustHitSection":true,"changeBPM":false,"bpm":166},{"altAnim":false,"mustHitSection":true,"duetCameraSlide":0.5,"lengthInSteps":16,"typeOfSection":0,"sectionNotes":[[138795.180722892,1,271.084337349399],[139156.626506024,3,1355.42168674697],[139156.626506024,7,722.891566265054]],"duetCamera":true,"bpm":166,"changeBPM":false},{"sectionNotes":[],"typeOfSection":0,"lengthInSteps":16,"duetCameraSlide":0.5,"altAnim":false,"mustHitSection":true,"changeBPM":false,"bpm":166},{"sectionNotes":[],"typeOfSection":0,"lengthInSteps":16,"duetCameraSlide":0.5,"altAnim":false,"mustHitSection":true,"changeBPM":false,"bpm":166},{"sectionNotes":[],"typeOfSection":0,"lengthInSteps":16,"duetCameraSlide":0.5,"altAnim":false,"mustHitSection":true,"changeBPM":false,"bpm":166},{"sectionNotes":[],"typeOfSection":0,"lengthInSteps":16,"duetCameraSlide":0.5,"altAnim":false,"mustHitSection":true,"changeBPM":false,"bpm":166},{"sectionNotes":[],"typeOfSection":0,"lengthInSteps":16,"duetCameraSlide":0.5,"altAnim":false,"mustHitSection":true,"changeBPM":false,"bpm":166},{"sectionNotes":[],"typeOfSection":0,"lengthInSteps":16,"duetCameraSlide":0.5,"altAnim":false,"mustHitSection":true,"changeBPM":false,"bpm":166},{"sectionNotes":[],"typeOfSection":0,"lengthInSteps":16,"duetCameraSlide":0.5,"altAnim":false,"mustHitSection":true,"changeBPM":false,"bpm":166},{"sectionNotes":[],"typeOfSection":0,"lengthInSteps":16,"duetCameraSlide":0.5,"altAnim":false,"mustHitSection":true,"changeBPM":false,"bpm":166},{"sectionNotes":[],"typeOfSection":0,"lengthInSteps":16,"duetCameraSlide":0.5,"altAnim":false,"mustHitSection":true,"changeBPM":false,"bpm":166},{"sectionNotes":[],"typeOfSection":0,"lengthInSteps":16,"duetCameraSlide":0.5,"altAnim":false,"mustHitSection":true,"changeBPM":false,"bpm":166},{"sectionNotes":[],"typeOfSection":0,"lengthInSteps":16,"duetCameraSlide":0.5,"altAnim":false,"mustHitSection":true,"changeBPM":false,"bpm":166},{"sectionNotes":[],"typeOfSection":0,"lengthInSteps":16,"duetCameraSlide":0.5,"altAnim":false,"mustHitSection":true,"changeBPM":false,"bpm":166},null,null,null,null,null,null,null,null,null,null,null,null,null,null,null,null,null,null,null,null,null,null,null,null,null,null,null,null,null,null,null,null,null,null,null,null,null,null,null,null,null,null,null,null,null,null,null,null,null,null,null,null,null,null,null,null,null,null,null,null,null,null,null,null,null,null,null,null,null,null,null,null,null,null,null,null,null,null,null,null,null,null,null,null,null,null,null,null,null,null,null,null,null,null,null,null,null,null,null,null,null,null,null,null,null,null,null,null,null,null,null,null,null,null,null,null,null,null,null,null,null,null,null,null,null,null,null,null,null,null,null,null,null,null,null,null,null,null,null,null,null,null,null,null,null,null,null,null,null,null,null,null,null,null,null,null,null,null,null,null,null,null,null,null,null,null,null,null,null,null,null,null,null,null,null,null,null,null,null,null,null,null,null,null,null,null,null,null,null,null,null,null,null,null,null,null,null,null,null,null,null,null,null,null,null,null,null,null,null,null,null,null,null,null,null,null,null,null,null,null,null,null,null,null,null,null,null,null,null,null,null,null,null,null,null,null,null,null,null,null,null,null,null,null,null,null,null,null,null,null,null,null,null,null,null,null,null,null,null,null,null,null,null,null,null,null,null,null,null,null,null,null,null,null,null,null,null,null,null,null,null,null,null,null,null,null,null,null,null,null,null,null,null,null,null,null,null,null,null,null,null,null,null,null,null,null,null,null,null,null,null,null,null,null,null,null,null,null,null,null,null,null,null,null,null,null,null,null,null,null,null,null,null,null,null,null,null,null,null,null,null,null,null,null,null,null,null,null,null,null,null,null,null,null,null,null,null,null,null,null,null,null,null,null,null,null,null,null,null,null,null,null,null,null,null,null,null,null,null,null,null,null,null,null,null,null,null,null,null,null,null,null,null,null,null,null,null,null,null,null,null,null,null,null,null,null,null,null,null,null,null,null,null,null,null,null,null,null,null,null,null,null,null,null,null,null,null,null,null,null,null,null,null,null,null,null,null,null,null,null,null,null,null,null,null,null,null,null,null,null,null,null,null,null,null,null,null,null,null,null,null,null,null,null,null,null,null,null,null,null,null,null,null,null,null,null,null,null,null,null,null,null,null,null,null,null,null,null,null,null,null,null,null,null,null,null,null,null,null,null,null,null,null,null,null,null,null,null,null,null,null,null,null,null,null,null,null,null,null,null,null,null,null,null,null,null,null,null,null,null,null,null,null,null,null,null,null,null,null,null,null,null,null,null,null,null,null,null,null,null,null,null,null,null,null,null,null,null,null,null,null,null,null,null,null,null,null,null,null,null,null,null,null,null,null,null,null,null,null,null,null,null,null,null,null,null,null,null,null,null,null,null,null,null,null,null,null,null,null,null,null,null,null,null,null,null,null,null,null,null,null,null,null,{"lengthInSteps":16,"typeOfSection":0,"sectionNotes":[],"altAnim":false,"bpm":166,"changeBPM":false,"mustHitSection":true},null,null,null,null,null,{"lengthInSteps":16,"typeOfSection":0,"sectionNotes":[],"altAnim":false,"bpm":166,"changeBPM":false,"mustHitSection":true},null,null,null,null,null,{"lengthInSteps":16,"typeOfSection":0,"sectionNotes":[],"altAnim":false,"bpm":166,"changeBPM":false,"mustHitSection":true},null,null,null,null,null,null,null,null,null,null,{"lengthInSteps":16,"typeOfSection":0,"sectionNotes":[],"altAnim":false,"bpm":166,"changeBPM":false,"mustHitSection":true},null,null,null,null,null,null,null,null,null,null,null,null,null,null,null,null,null,null,null,null,null,null,{"lengthInSteps":16,"typeOfSection":0,"sectionNotes":[],"altAnim":false,"bpm":166,"changeBPM":false,"mustHitSection":true},null,null,null,null,{"lengthInSteps":16,"typeOfSection":0,"sectionNotes":[],"altAnim":false,"bpm":166,"changeBPM":false,"mustHitSection":true},null,null,null,null,null,{"lengthInSteps":16,"typeOfSection":0,"sectionNotes":[],"altAnim":false,"bpm":166,"changeBPM":false,"mustHitSection":true},null,null,null,null,null,null,null,null,null,null,{"lengthInSteps":16,"typeOfSection":0,"sectionNotes":[],"altAnim":false,"bpm":166,"changeBPM":false,"mustHitSection":true},null,null,null,null,null,null,null,null,null,null,null,null,null,null,null,null,null,null,null,null,null,null,{"lengthInSteps":16,"typeOfSection":0,"sectionNotes":[],"altAnim":false,"bpm":166,"changeBPM":false,"mustHitSection":true},null,null,null,null,{"lengthInSteps":16,"typeOfSection":0,"sectionNotes":[],"altAnim":false,"bpm":166,"changeBPM":false,"mustHitSection":true},null,null,null,null,null,{"lengthInSteps":16,"typeOfSection":0,"sectionNotes":[],"altAnim":false,"bpm":166,"changeBPM":false,"mustHitSection":true},null,null,null,null,null,{"lengthInSteps":16,"typeOfSection":0,"sectionNotes":[],"altAnim":false,"bpm":166,"changeBPM":false,"mustHitSection":true},null,null,null,null,{"lengthInSteps":16,"typeOfSection":0,"sectionNotes":[],"altAnim":false,"bpm":166,"changeBPM":false,"mustHitSection":true},null,null,null,null,null,{"lengthInSteps":16,"typeOfSection":0,"sectionNotes":[],"altAnim":false,"bpm":166,"changeBPM":false,"mustHitSection":true},null,null,null,null,null,{"lengthInSteps":16,"typeOfSection":0,"sectionNotes":[],"altAnim":false,"bpm":166,"changeBPM":false,"mustHitSection":true},null,null,null,null,null,null,null,null,null,null,{"lengthInSteps":16,"typeOfSection":0,"sectionNotes":[],"altAnim":false,"bpm":166,"changeBPM":false,"mustHitSection":true},null,null,null,null,null,null,null,null,null,null,{"lengthInSteps":16,"typeOfSection":0,"sectionNotes":[],"altAnim":false,"bpm":166,"changeBPM":false,"mustHitSection":true},null,null,null,null,null,null,null,null,null,null,null,{"lengthInSteps":16,"typeOfSection":0,"sectionNotes":[],"altAnim":false,"bpm":166,"changeBPM":false,"mustHitSection":true},null,null,null,null,null,null,null,null,null,null,null,null,null,null,null,null,null,null,null,null,null,{"lengthInSteps":16,"typeOfSection":0,"sectionNotes":[],"altAnim":false,"bpm":166,"changeBPM":false,"mustHitSection":true},null,null,null,null,null,{"lengthInSteps":16,"typeOfSection":0,"sectionNotes":[],"altAnim":false,"bpm":166,"changeBPM":false,"mustHitSection":true},null,null,null,null,{"lengthInSteps":16,"typeOfSection":0,"sectionNotes":[],"altAnim":false,"bpm":166,"changeBPM":false,"mustHitSection":true},null,null,null,null,null,null,null,null,null,null,null,{"lengthInSteps":16,"typeOfSection":0,"sectionNotes":[],"altAnim":false,"bpm":166,"changeBPM":false,"mustHitSection":true},null,null,null,null,null,null,null,null,null,null,null,null,null,null,null,null,null,null,null,null,null,{"lengthInSteps":16,"typeOfSection":0,"sectionNotes":[],"altAnim":false,"bpm":166,"changeBPM":false,"mustHitSection":true},null,null,null,null,null,null,null,null,null,null,null,{"lengthInSteps":16,"typeOfSection":0,"sectionNotes":[],"altAnim":false,"bpm":166,"changeBPM":false,"mustHitSection":true},null,null,null,null,null,null,null,null,null,null,{"lengthInSteps":16,"typeOfSection":0,"sectionNotes":[],"altAnim":false,"bpm":166,"changeBPM":false,"mustHitSection":true},null,null,null,null,null,{"lengthInSteps":16,"typeOfSection":0,"sectionNotes":[],"altAnim":false,"bpm":166,"changeBPM":false,"mustHitSection":true},null,null,null,null,null,null,null,null,null,null,null,null,null,null,null,{"lengthInSteps":16,"typeOfSection":0,"sectionNotes":[],"altAnim":false,"bpm":166,"changeBPM":false,"mustHitSection":true},null,null,null,null,null,null,null,null,null,null,null,{"lengthInSteps":16,"typeOfSection":0,"sectionNotes":[],"altAnim":false,"bpm":166,"changeBPM":false,"mustHitSection":true},null,null,null,null,null,null,null,null,null,null,{"lengthInSteps":16,"typeOfSection":0,"sectionNotes":[],"altAnim":false,"bpm":166,"changeBPM":false,"mustHitSection":true},null,null,null,null,null,null,null,null,null,null,null,null,null,null,null,null,null,null,null,null,null,null,null,null,null,null,null,null,null,null,null,null,null,null,null,null,null,null,null,null,null,null,null,null,null,null,null,null,null,null,null,null,null,null,null,null,null,null,null,null,null,null,null,null,null,null,null,null,null,null,null,null,null,null,null,null,null,null,null,null,null,null,null,null,null,null,null,null,null,null,null,null,null,null,null,null,null,null,null,null,null,null,null,null,null,null,null,null,null,null,null,null,null,null,null,null,null,null,null,null,null,null,null,null,null,null,null,null,null,null,null,null,null,null,null,null,null,null,null,null,null,null,null,null,null,null,null,null,null,null,null,null,null,null,null,null,null,null,null,null,null,null,null,{"lengthInSteps":16,"altAnim":false,"typeOfSection":0,"sectionNotes":[],"bpm":166,"changeBPM":false,"mustHitSection":true},null,null,null,null,null,null,null,null,null,null,null,null,null,null,null,null,null,null,null,null,null,null,null,null,null,null,null,null,null,null,null,null,null,null,null,null,null,null,null,null,null,null,null,null,null,null,null,null,null,null,null,null,null,null,null,null,null,null,null,null,null,null,null,null,null,null,null,null,null,null,null,null,null,null,null,null,null,null,null,null,null,null,null,null,null,null,null,null,null,null,null,null,null,null,null,null,null,null,null,null,null,null,null,null,null,null,null,null,null,null,null,null,null,null,null,null,null,null,null,null,null,null,null,null,null,null,null,null,null,null,null,null,null,null,null,null,null,null,null,null,null,null,null,null,null,null,null,null,null,null,null,null,null,null,null,null,null,null,null,null,null,null,null,null,null,null,null,null,null,null,null,null,null,null,null,null,null,null,null,null,null,null,null,null,null,null,null,null,null,null,null,null,null,null,null,null,null,{"lengthInSteps":16,"typeOfSection":0,"sectionNotes":[],"altAnim":false,"bpm":166,"changeBPM":false,"mustHitSection":true},null,null,null,null,null,null,null,null,null,null,null,null,null,null,null,null,null,null,null,null,null,null,null,null,null,null,null,null,null,null,null,null,null,null,null,null,null,null,null,null,null,null,null,null,null,null,null,null,null,null,null,null,null,null,null,null,null,null,null,null,null,null,null,null,null,null,{"lengthInSteps":16,"typeOfSection":0,"sectionNotes":[],"altAnim":false,"bpm":166,"changeBPM":false,"mustHitSection":true},null,null,null,null,null,null,null,null,null,null,null,{"lengthInSteps":16,"typeOfSection":0,"sectionNotes":[],"altAnim":false,"bpm":166,"changeBPM":false,"mustHitSection":true},null,null,null,null,null,null,null,null,null,null,{"lengthInSteps":16,"typeOfSection":0,"sectionNotes":[],"altAnim":false,"bpm":166,"changeBPM":false,"mustHitSection":true},null,null,null,null,null,{"lengthInSteps":16,"typeOfSection":0,"sectionNotes":[],"altAnim":false,"bpm":166,"changeBPM":false,"mustHitSection":true},null,null,null,null,{"lengthInSteps":16,"typeOfSection":0,"sectionNotes":[],"altAnim":false,"bpm":166,"changeBPM":false,"mustHitSection":true},null,null,null,null,null,null,null,null,null,null,{"lengthInSteps":16,"typeOfSection":0,"sectionNotes":[],"altAnim":false,"bpm":166,"changeBPM":false,"mustHitSection":true},null,null,null,null,null,null,null,null,null,null,null,null,null,null,null,null,null,null,null,null,null,null,{"lengthInSteps":16,"typeOfSection":0,"sectionNotes":[],"altAnim":false,"bpm":166,"changeBPM":false,"mustHitSection":true},null,null,null,null,null,null,null,null,null,null,null,null,null,null,null,null,null,null,null,null,null,null,{"lengthInSteps":16,"typeOfSection":0,"sectionNotes":[],"altAnim":false,"bpm":166,"changeBPM":false,"mustHitSection":true},null,null,null,null,null,null,null,null,null,null,{"lengthInSteps":16,"typeOfSection":0,"sectionNotes":[],"altAnim":false,"bpm":166,"changeBPM":false,"mustHitSection":true},null,null,null,null,null,{"lengthInSteps":16,"typeOfSection":0,"sectionNotes":[],"altAnim":false,"bpm":166,"changeBPM":false,"mustHitSection":true},null,null,null,null,{"lengthInSteps":16,"typeOfSection":0,"sectionNotes":[],"altAnim":false,"bpm":166,"changeBPM":false,"mustHitSection":true},null,null,null,null,null,null,null,null,null,null,null,null,null,null,null,null,null,null,null,null,null,null,null,null,null,null,null,null,null,null,null,null,null,null,null,null,null,null,null,null,null,null,null,null,{"lengthInSteps":16,"typeOfSection":0,"sectionNotes":[],"altAnim":false,"bpm":166,"changeBPM":false,"mustHitSection":true},null,null,null,null,null,null,null,null,null,null,null,null,null,null,null,null,null,null,null,null,null,null,{"lengthInSteps":16,"typeOfSection":0,"sectionNotes":[],"altAnim":false,"bpm":166,"changeBPM":false,"mustHitSection":true},null,null,null,null,null,null,null,null,null,null,{"lengthInSteps":16,"typeOfSection":0,"sectionNotes":[],"altAnim":false,"bpm":166,"changeBPM":false,"mustHitSection":true},null,null,null,null,null,null,null,null,null,null,null,{"lengthInSteps":16,"typeOfSection":0,"sectionNotes":[],"altAnim":false,"bpm":166,"changeBPM":false,"mustHitSection":true},null,null,null,null,null,null,null,null,null,null,{"lengthInSteps":16,"typeOfSection":0,"sectionNotes":[],"altAnim":false,"bpm":166,"changeBPM":false,"mustHitSection":true},null,null,null,null,null,{"lengthInSteps":16,"typeOfSection":0,"sectionNotes":[],"altAnim":false,"bpm":166,"changeBPM":false,"mustHitSection":true},null,null,null,null,{"lengthInSteps":16,"typeOfSection":0,"sectionNotes":[],"altAnim":false,"bpm":166,"changeBPM":false,"mustHitSection":true},null,null,null,null,null,null,null,null,null,null,null,null,null,null,null,null,null,null,null,null,null,null,null,null,null,null,null,null,null,null,null,null,null,null,null,null,null,null,null,null,null,null,null,null,{"lengthInSteps":16,"typeOfSection":0,"sectionNotes":[],"altAnim":false,"bpm":166,"changeBPM":false,"mustHitSection":true},null,null,null,null,null,{"lengthInSteps":16,"typeOfSection":0,"sectionNotes":[],"altAnim":false,"bpm":166,"changeBPM":false,"mustHitSection":true},null,null,null,null,null,{"lengthInSteps":16,"typeOfSection":0,"sectionNotes":[],"altAnim":false,"bpm":166,"changeBPM":false,"mustHitSection":true},null,null,null,null,null,null,null,null,null,null,{"lengthInSteps":16,"typeOfSection":0,"sectionNotes":[],"altAnim":false,"bpm":166,"changeBPM":false,"mustHitSection":true},null,null,null,null,null,null,null,null,null,null,{"lengthInSteps":16,"typeOfSection":0,"sectionNotes":[],"altAnim":false,"bpm":166,"changeBPM":false,"mustHitSection":true},null,null,null,null,null,null,null,null,null,null,null,{"lengthInSteps":16,"typeOfSection":0,"sectionNotes":[],"altAnim":false,"bpm":166,"changeBPM":false,"mustHitSection":true},null,null,null,null,null,null,null,null,null,null,null,null,null,null,null,null,null,null,null,null,null,{"lengthInSteps":16,"typeOfSection":0,"sectionNotes":[],"altAnim":false,"bpm":166,"changeBPM":false,"mustHitSection":true},null,null,null,null,null,null,null,null,null,null,null,null,null,null,null,null,null,null,null,null,null,null,null,null,null,null,null,null,null,null,null,null,null,null,null,null,null,null,null,null,null,null,null,null,null,null,null,null,null,null,null,null,null,null,null,null,null,null,null,null,null,null,null,null,null,null,null,null,null,null,null,null,null,null,null,null,null,null,null,null,null,null,null,null,null,null,null,null,null,null,null,null,null,null,null,null,null,null,null,null,null,null,null,null,null,null,null,null,null,null,null,null,null,null,null,null,null,null,null,null,null,null,null,null,null,null,null,null,null,null,null,null,null,null,null,null,null,null,null,null,null,null,null,null,null,null,null,null,null,null,null,null,null,null,null,null,null,null,null,null,null,null,null,null,null,null,null,null,null,null,null,null,null,null,null,null,null,null,null,null,null,null,null,null,null,null,null,null,null,null,null,null,null,null,null,null,null,null,null,null,null,null,null,null,null,null,null,null,null,null,null,null,null,null,null,null,null,null,null,null,null,null,null,null,null,null,null,null,null,null,null,null,null,null,null,null,null,null,null,null,null,null,null,null,null,null,null,null,null,null,null,null,null,null,null,null,null,null,null,null,null,null,null,null,null,null,null,null,null,null,null,null,null,null,null,null,null,null,null,null,null,null,null,null,null,null,null,null,null,null,null,null,null,null,null,null,null,null,null,null,null,null,null,null,null,null,null,null,null,null,null,null,null,null,null,null,null,null,null,null,null,null,null,null,null,null,null,null,null,null,null,null,null,null,null,null,null,null,null,null,null,null,null,null,null,null,null,null,null,null,null,null,null,null,null,null,null,null,null,null,null,{"lengthInSteps":16,"typeOfSection":0,"sectionNotes":[],"altAnim":false,"bpm":166,"changeBPM":false,"mustHitSection":true},null,null,null,null,null,null,null,null,null,null,null,null,null,null,null,null,null,null,null,null,null,{"lengthInSteps":16,"typeOfSection":0,"sectionNotes":[],"altAnim":false,"bpm":166,"changeBPM":false,"mustHitSection":true},null,null,null,null,null,{"lengthInSteps":16,"typeOfSection":0,"sectionNotes":[],"altAnim":false,"bpm":166,"changeBPM":false,"mustHitSection":true},null,null,null,null,{"lengthInSteps":16,"typeOfSection":0,"sectionNotes":[],"altAnim":false,"bpm":166,"changeBPM":false,"mustHitSection":true},null,null,null,null,null,{"lengthInSteps":16,"typeOfSection":0,"sectionNotes":[],"altAnim":false,"bpm":166,"changeBPM":false,"mustHitSection":true},null,null,null,null,null,{"lengthInSteps":16,"typeOfSection":0,"sectionNotes":[],"altAnim":false,"bpm":166,"changeBPM":false,"mustHitSection":true},null,null,null,null,null,null,null,null,null,null,{"lengthInSteps":16,"typeOfSection":0,"sectionNotes":[],"altAnim":false,"bpm":166,"changeBPM":false,"mustHitSection":true},null,null,null,null,null,null,null,null,null,null,{"lengthInSteps":16,"typeOfSection":0,"sectionNotes":[],"altAnim":false,"bpm":166,"changeBPM":false,"mustHitSection":true},null,null,null,null,null,null,null,null,null,null,null,null,null,null,null,null,null,null,null,null,null,null,null,null,null,null,null,null,null,null,null,null,null,null,null,null,null,null,null,null,null,null,null,null,null,{"lengthInSteps":16,"typeOfSection":0,"sectionNotes":[],"altAnim":false,"bpm":166,"changeBPM":false,"mustHitSection":true},null,null,null,null,{"lengthInSteps":16,"typeOfSection":0,"sectionNotes":[],"altAnim":false,"bpm":166,"changeBPM":false,"mustHitSection":true},null,null,null,null,null,{"lengthInSteps":16,"typeOfSection":0,"sectionNotes":[],"altAnim":false,"bpm":166,"changeBPM":false,"mustHitSection":true},null,null,null,null,null,null,null,null,null,null,{"lengthInSteps":16,"typeOfSection":0,"sectionNotes":[],"altAnim":false,"bpm":166,"changeBPM":false,"mustHitSection":true},null,null,null,null,null,null,null,null,null,null,null,null,null,null,null,null,null,null,null,null,null,null,{"lengthInSteps":16,"typeOfSection":0,"sectionNotes":[],"altAnim":false,"bpm":166,"changeBPM":false,"mustHitSection":true},null,null,null,null,null,null,null,null,null,null,null,null,null,null,null,null,null,null,null,null,null,{"lengthInSteps":16,"typeOfSection":0,"sectionNotes":[],"altAnim":false,"bpm":166,"changeBPM":false,"mustHitSection":true},null,null,null,null,null,null,null,null,null,null,null,{"lengthInSteps":16,"typeOfSection":0,"sectionNotes":[],"altAnim":false,"bpm":166,"changeBPM":false,"mustHitSection":true},null,null,null,null,null,null,null,null,null,null,{"lengthInSteps":16,"typeOfSection":0,"sectionNotes":[],"altAnim":false,"bpm":166,"changeBPM":false,"mustHitSection":true},null,null,null,null,null,null,null,null,null,null,null,null,null,null,null,null,null,null,null,null,null,null,null,null,null,null,null,null,null,null,null,null,null,null,null,null,null,null,null,null,null,null,null,null,null,null,null,null,null,null,null,null,null,null,null,null,null,null,null,null,null,null,null,null,null,null,null,{"lengthInSteps":16,"typeOfSection":0,"sectionNotes":[],"altAnim":false,"bpm":166,"changeBPM":false,"mustHitSection":true},null,null,null,null,null,null,null,null,null,null,null,null,null,null,null,null,null,null,null,null,null,{"lengthInSteps":16,"typeOfSection":0,"sectionNotes":[],"altAnim":false,"bpm":166,"changeBPM":false,"mustHitSection":true},null,null,null,null,null,null,null,null,null,null,null,null,null,null,null,null,{"lengthInSteps":16,"typeOfSection":0,"sectionNotes":[],"altAnim":false,"bpm":166,"changeBPM":false,"mustHitSection":true},null,null,null,null,null,{"lengthInSteps":16,"typeOfSection":0,"sectionNotes":[],"altAnim":false,"bpm":166,"changeBPM":false,"mustHitSection":true},null,null,null,null,null,null,null,null,null,null,{"lengthInSteps":16,"typeOfSection":0,"sectionNotes":[],"altAnim":false,"bpm":166,"changeBPM":false,"mustHitSection":true},null,null,null,null,null,null,null,null,null,null,{"lengthInSteps":16,"typeOfSection":0,"sectionNotes":[],"altAnim":false,"bpm":166,"changeBPM":false,"mustHitSection":true},null,null,null,null,null,null,null,null,null,null,null,{"lengthInSteps":16,"typeOfSection":0,"sectionNotes":[],"altAnim":false,"bpm":166,"changeBPM":false,"mustHitSection":true},null,null,null,null,null,null,null,null,null,null,{"lengthInSteps":16,"typeOfSection":0,"sectionNotes":[],"altAnim":false,"bpm":166,"changeBPM":false,"mustHitSection":true},null,null,null,null,null,null,null,null,null,null,null,null,null,null,null,null,null,null,null,null,null,null,null,null,null,null,null,null,null,null,null,null,null,null,null,null,null,null,null,null,null,null,null,null,null,null,null,null,null,null,null,null,null,null,null,null,null,null,null,null,null,null,null,null,null,null,null,null,null,null,null,null,null,null,null,null,null,null,null,null,null,null,null,null,null,null,null,null,null,null,null,null,null,null,null,null,null,null,null,null,null,null,null,null,null,null,null,null,null,null,null,null,null,null,null,null,null,null,null,null,null,null,null,null,null,null,null,null,null,null,null,null,null,null,null,null,null,null,null,null,null,null,null,null,null,null,null,null,null,null,null,null,null,null,null,null,null,null,null,null,null,null,null,null,null,null,null,null,null,null,null,null,null,null,null,null,null,null,null,null,null,null,null,null,null,null,null,null,null,null,null,null,null,null,null,null,null,null,null,null,null,null,{"lengthInSteps":16,"typeOfSection":0,"sectionNotes":[],"altAnim":false,"bpm":166,"changeBPM":false,"mustHitSection":true},null,null,null,null,null,null,null,null,null,null,null,null,null,null,null,null,null,null,null,null,null,null,null,null,null,null,null,null,null,null,null,null,null,null,null,null,null,null,null,null,null,null,null,null,null,null,null,null,null,null,null,null,null,null,null,null,null,null,null,null,null,null,null,null,null,null,null,null,null,null,null,null,null,null,null,null,null,null,null,null,null,null,null,null,null,null,null,null,null,null,null,null,null,null,null,null,null,null,null,null,null,null,null,null,null,null,null,null,null,null,null,null,null,null,null,null,null,null,null,null,null,null,null,null,null,null,null,null,null,null,null,null,null,null,null,null,null,null,null,null,null,null,null,null,null,null,null,null,null,null,null,null,null,null,null,null,null,{"lengthInSteps":16,"typeOfSection":0,"sectionNotes":[],"altAnim":false,"bpm":166,"changeBPM":false,"mustHitSection":true},null,null,null,null,null,null,null,null,null,null,null,null,null,null,null,null,null,null,null,null,null,null,{"lengthInSteps":16,"typeOfSection":0,"sectionNotes":[],"altAnim":false,"bpm":166,"changeBPM":false,"mustHitSection":true},null,null,null,null,null,null,null,null,null,null,{"lengthInSteps":16,"typeOfSection":0,"sectionNotes":[],"altAnim":false,"bpm":166,"changeBPM":false,"mustHitSection":true},null,null,null,null,null,null,null,null,null,null,null,{"lengthInSteps":16,"typeOfSection":0,"sectionNotes":[],"altAnim":false,"bpm":166,"changeBPM":false,"mustHitSection":true},null,null,null,null,{"lengthInSteps":16,"typeOfSection":0,"sectionNotes":[],"altAnim":false,"bpm":166,"changeBPM":false,"mustHitSection":true},null,null,null,null,null,null,null,null,null,null,null,null,null,null,null,null,{"lengthInSteps":16,"typeOfSection":0,"sectionNotes":[],"altAnim":false,"bpm":166,"changeBPM":false,"mustHitSection":true},null,null,null,null,null,null,null,null,null,null,null,{"lengthInSteps":16,"typeOfSection":0,"sectionNotes":[],"altAnim":false,"bpm":166,"changeBPM":false,"mustHitSection":true},null,null,null,null,null,null,null,null,null,null,null,null,null,null,null,null,null,null,null,null,null,null,null,null,null,null,null,null,null,null,null,null,{"lengthInSteps":16,"typeOfSection":0,"sectionNotes":[],"altAnim":false,"bpm":166,"changeBPM":false,"mustHitSection":true},null,null,null,null,null,null,null,null,null,null,null,{"lengthInSteps":16,"typeOfSection":0,"sectionNotes":[],"altAnim":false,"bpm":166,"changeBPM":false,"mustHitSection":true},null,null,null,null,null,null,null,null,null,null,null,null,null,null,null,null,null,null,null,null,null,null,null,null,null,null,null,null,null,null,null,null,null,{"lengthInSteps":16,"typeOfSection":0,"sectionNotes":[],"altAnim":false,"bpm":166,"changeBPM":false,"mustHitSection":true},null,null,null,null,{"lengthInSteps":16,"typeOfSection":0,"sectionNotes":[],"altAnim":false,"bpm":166,"changeBPM":false,"mustHitSection":true},null,null,null,null,null,{"lengthInSteps":16,"typeOfSection":0,"sectionNotes":[],"altAnim":false,"bpm":166,"changeBPM":false,"mustHitSection":true},null,null,null,null,null,null,null,null,null,null,{"lengthInSteps":16,"typeOfSection":0,"sectionNotes":[],"altAnim":false,"bpm":166,"changeBPM":false,"mustHitSection":true},null,null,null,null,null,null,null,null,null,null,null,null,null,null,null,null,null,null,null,null,null,null,{"lengthInSteps":16,"typeOfSection":0,"sectionNotes":[],"altAnim":false,"bpm":166,"changeBPM":false,"mustHitSection":true},null,null,null,null,null,null,null,null,null,null,{"lengthInSteps":16,"typeOfSection":0,"sectionNotes":[],"altAnim":false,"bpm":166,"changeBPM":false,"mustHitSection":true},null,null,null,null,null,null,null,null,null,null,{"lengthInSteps":16,"typeOfSection":0,"sectionNotes":[],"altAnim":false,"bpm":166,"changeBPM":false,"mustHitSection":true},null,null,null,null,null,null,null,null,null,null,null,null,null,null,null,null,null,null,null,null,null,null,{"lengthInSteps":16,"typeOfSection":0,"sectionNotes":[],"altAnim":false,"bpm":166,"changeBPM":false,"mustHitSection":true},null,null,null,null,null,null,null,null,null,null,{"lengthInSteps":16,"typeOfSection":0,"sectionNotes":[],"altAnim":false,"bpm":166,"changeBPM":false,"mustHitSection":true},null,null,null,null,null,null,null,null,null,null,null,{"lengthInSteps":16,"typeOfSection":0,"sectionNotes":[],"altAnim":false,"bpm":166,"changeBPM":false,"mustHitSection":true},null,null,null,null,null,null,null,null,null,null,null,null,null,null,null,null,null,null,null,null,null,{"lengthInSteps":16,"typeOfSection":0,"sectionNotes":[],"altAnim":false,"bpm":166,"changeBPM":false,"mustHitSection":true},null,null,null,null,null,{"lengthInSteps":16,"typeOfSection":0,"sectionNotes":[],"altAnim":false,"bpm":166,"changeBPM":false,"mustHitSection":true},null,null,null,null,null,null,null,null,null,null,null,null,null,null,null,null,{"lengthInSteps":16,"typeOfSection":0,"sectionNotes":[],"altAnim":false,"bpm":166,"changeBPM":false,"mustHitSection":true},null,null,null,null,null,null,null,null,null,null,{"lengthInSteps":16,"typeOfSection":0,"sectionNotes":[],"altAnim":false,"bpm":166,"changeBPM":false,"mustHitSection":true},null,null,null,null,null,null,null,null,null,null,{"lengthInSteps":16,"typeOfSection":0,"sectionNotes":[],"altAnim":false,"bpm":166,"changeBPM":false,"mustHitSection":true},null,null,null,null,null,null,null,null,null,null,null,null,null,null,null,null,null,null,null,null,null,null,null,null,null,null,null,null,null,null,null,null,null,null,null,null,null,null,null,null,null,null,null,null,null,null,null,null,null,null,null,null,null,null,null,null,null,null,null,null,null,null,null,null,null,null,null,null,null,null,null,null,null,null,null,null,null,null,null,null,null,null,null,null,null,null,null,null,null,null,null,null,null,null,null,null,null,null,null,null,null,null,null,null,null,null,null,null,null,null,null,null,null,null,null,null,null,null,null,null,null,null,null,null,null,null,null,null,null,null,null,null,null,null,null,null,null,null,null,null,null,null,null,null,null,null,null,null,null,null,null,null,null,null,null,null,null,null,null,null,null,null,null,null,null,null,null,null,null,null,null,null,null,null,null,null,null,null,null,null,null,null,null,null,null,null,null,null,null,null,null,null,null,null,null,null,null,null,null,null,null,null,null,null,null,null,null,null,null,null,null,null,null,null,null,null,null,null,null,null,null,null,null,null,null,null,null,null,null,null,null,null,null,null,null,null,null,null,null,null,null,null,null,null,null,null,null,null,null,null,null,null,null,null,null,null,null,null,null,null,null,null,null,null,null,null,null,null,null,null,null,null,null,null,null,null,null,null,null,null,null,null,null,null,null,null,null,null,null,null,null,null,null,null,null,null,null,null,null,null,null,null,null,null,null,null,null,null,null,null,null,null,null,null,null,null,{"sectionNotes":[],"typeOfSection":0,"lengthInSteps":16,"altAnim":false,"mustHitSection":true,"changeBPM":false,"bpm":166},null,null,null,null,null,null,null,null,null,null,null,null,null,null,null,null,null,null,null,null,null,null,null,null,null,null,null,null,null,null,null,null,null,null,null,null,null,null,null,null,null,null,null,null,null,null,null,null,null,null,null,null,null,null,null,null,null,null,null,null,null,null,null,null,null,null,null,null,null,null,null,null,null,null,null,null,null,null,null,null,null,null,null,null,null,null,null,null,null,null,null,null,null,null,null,null,null,null,null,null,null,null,null,null,null,null,null,null,null,null,null,null,null,null,null,null,null,null,null,null,null,null,null,null,null,null,null,null,null,null,null,null,null,null,null,null,null,null,null,null,null,null,null,null,null,null,null,null,null,null,null,null,null,null,null,null,null,null,null,null,null,null,null,null,null,null,null,null,null,null,null,null,null,null,null,null,null,null,null,null,null,null,null,null,null,{"lengthInSteps":16,"altAnim":false,"typeOfSection":0,"sectionNotes":[],"bpm":166,"changeBPM":false,"mustHitSection":true},null,null,null,null,null,null,null,null,null,null,null,null,null,null,null,null,null,null,null,null,null,null,null,null,null,null,null,null,null,null,null,null,null,null,null,null,null,null,null,null,null,null,null,null,null,null,null,null,null,null,null,null,null,null,null,null,null,null,null,null,null,null,null,null,null,null,null,null,null,null,null,null,null,null,null,null,null,null,null,null,null,null,null,null,null,null,null,null,null,null,null,null,null,null,null,null,null,null,null,null,null,null,null,null,null,null,null,null,null,null,null,null,null,null,null,null,null,null,null,null,null,null,null,null,null,null,null,null,null,null,null,null,null,null,null,null,null,null,null,null,null,null,null,null,null,null,null,null,null,null,null,null,null,null,null,null,null,null,null,null,null,null,null,null,null,null,null,null,null,null,null,null,null,null,null,null,null,null,null,null,null,null,null,null,null,null,null,null,null,null,null,null,null,null,null,null,null,null,null,null,null,null,null,null,null,null,null,null,null,null,null,null,null,null,null,null,null,null,null,null,null,null,null,null,null,null,null,null,null,null,null,null,null,null,null,null,null,null,null,null,null,null,null,null,null,null,null,null,null,null,null,null,null,null,null,null,null,null,null,null,null,null,null,null,null,null,null,null,null,null,null,null,null,null,null,null,null,null,null,null,null,null,null,null,null,null,null,null,null,null,null,null,null,null,null,null,null,null,null,null,null,null,null,null,null,null,null,null,null,null,null,null,null,null,null,null,null,null,null,null,null,null,null,null,null,null,null,null,null,null,null,null,null,null,null,null,null,null,null,null,null,null,null,null,null,null,null,null,null,null,null,null,null,null,null,null,null,null,null,null,null,null,null,null,null,null,null,null,null,null,null,null,null,null,null,null,null,null,null,null,null,null,null,null,null,null,null,null,null,null,null,null,null,null,null,null,null,null,null,null,null,null,null,null,null,null,null,null,null,null,null,null,null,null,null,null,null,null,null,null,null,null,null,null,null,null,null,null,null,null,null,null,null,null,null,null,null,null,null,null,null,null,null,null,null,null,null,null,null,null,null,null,null,null,null,null,null,null,null,null,null,null,null,null,null,null,null,null,null,null,null,null,null,null,null,null,null,null,null,null,null,null,null,null,null,null,null,null,null,null,null,null,null,null,null,null,null,null,null,null,null,null,null,null,null,null,null,null,null,null,null,null,null,null,null,null,null,null,null,null,null,null,null,null,null,null,null,null,null,null,null,null,null,null,null,null,null,null,null,null,null,null,null,null,null,null,null,null,null,null,null,null,null,null,null,null,null,null,null,null,null,null,null,null,null,null,null,null,null,null,null,null,null,null,null,null,null,null,null,null,null,null,null,null,null,null,null,null,null,null,null,null,null,null,null,null,null,null,null,null,null,null,null,null,null,null,null,null,null,null,null,null,null,null,null,null,null,null,null,null,null,null,null,null,null,null,{"sectionNotes":[],"typeOfSection":0,"lengthInSteps":16,"altAnim":false,"mustHitSection":true,"changeBPM":false,"bpm":166},null,null,null,null,null,null,null,null,null,null,{"sectionNotes":[],"typeOfSection":0,"lengthInSteps":16,"altAnim":false,"mustHitSection":true,"changeBPM":false,"bpm":166},null,null,null,null,null,{"sectionNotes":[],"typeOfSection":0,"lengthInSteps":16,"altAnim":false,"mustHitSection":true,"changeBPM":false,"bpm":166},null,null,null,null,null,null,null,null,null,null,{"sectionNotes":[],"typeOfSection":0,"lengthInSteps":16,"altAnim":false,"mustHitSection":true,"changeBPM":false,"bpm":166},null,null,null,null,null,{"sectionNotes":[],"typeOfSection":0,"lengthInSteps":16,"altAnim":false,"mustHitSection":true,"changeBPM":false,"bpm":166},null,null,null,null,{"sectionNotes":[],"typeOfSection":0,"lengthInSteps":16,"altAnim":false,"mustHitSection":true,"changeBPM":false,"bpm":166},null,null,null,null,null,{"sectionNotes":[],"typeOfSection":0,"lengthInSteps":16,"altAnim":false,"mustHitSection":true,"changeBPM":false,"bpm":166},null,null,null,null,null,null,null,null,null,null,{"sectionNotes":[],"typeOfSection":0,"lengthInSteps":16,"altAnim":false,"mustHitSection":true,"changeBPM":false,"bpm":166},null,null,null,null,null,null,null,null,null,null,null,null,null,null,null,null,null,null,null,null,null,null,{"sectionNotes":[],"typeOfSection":0,"lengthInSteps":16,"altAnim":false,"mustHitSection":true,"changeBPM":false,"bpm":166},null,null,null,null,null,null,null,null,null,null,{"sectionNotes":[],"typeOfSection":0,"lengthInSteps":16,"altAnim":false,"mustHitSection":true,"changeBPM":false,"bpm":166},null,null,null,null,null,null,null,null,null,null,null,{"sectionNotes":[],"typeOfSection":0,"lengthInSteps":16,"altAnim":false,"mustHitSection":true,"changeBPM":false,"bpm":166},null,null,null,null,null,null,null,null,null,null,{"sectionNotes":[],"typeOfSection":0,"lengthInSteps":16,"altAnim":false,"mustHitSection":true,"changeBPM":false,"bpm":166},null,null,null,null,null,null,null,null,null,null,{"sectionNotes":[],"typeOfSection":0,"lengthInSteps":16,"altAnim":false,"mustHitSection":true,"changeBPM":false,"bpm":166},null,null,null,null,null,null,null,null,null,null,null,null,null,null,null,null,null,null,null,null,null,null,null,null,null,null,null,{"sectionNotes":[],"typeOfSection":0,"lengthInSteps":16,"altAnim":false,"mustHitSection":true,"changeBPM":false,"bpm":166},null,null,null,null,null,null,null,null,null,null,null,null,null,null,null,null,null,null,null,null,null,null,{"sectionNotes":[],"typeOfSection":0,"lengthInSteps":16,"altAnim":false,"mustHitSection":true,"changeBPM":false,"bpm":166},null,null,null,null,null,{"sectionNotes":[],"typeOfSection":0,"lengthInSteps":16,"altAnim":false,"mustHitSection":true,"changeBPM":false,"bpm":166},null,null,null,null,null,null,null,null,null,null,null,null,null,null,null,null,null,null,null,null,null,{"sectionNotes":[],"typeOfSection":0,"lengthInSteps":16,"altAnim":false,"mustHitSection":true,"changeBPM":false,"bpm":166},null,null,null,null,null,{"sectionNotes":[],"typeOfSection":0,"lengthInSteps":16,"altAnim":false,"mustHitSection":true,"changeBPM":false,"bpm":166},null,null,null,null,null,null,null,null,null,null,null,null,null,null,null,null,{"sectionNotes":[],"typeOfSection":0,"lengthInSteps":16,"altAnim":false,"mustHitSection":true,"changeBPM":false,"bpm":166},null,null,null,null,{"sectionNotes":[],"typeOfSection":0,"lengthInSteps":16,"altAnim":false,"mustHitSection":true,"changeBPM":false,"bpm":166},null,null,null,null,null,null,null,null,null,null,null,{"sectionNotes":[],"typeOfSection":0,"lengthInSteps":16,"altAnim":false,"mustHitSection":true,"changeBPM":false,"bpm":166},null,null,null,null,{"sectionNotes":[],"typeOfSection":0,"lengthInSteps":16,"altAnim":false,"mustHitSection":true,"changeBPM":false,"bpm":166},null,null,null,null,null,null,null,null,null,null,null,null,null,null,null,null,null,null,null,null,null,null,{"sectionNotes":[],"typeOfSection":0,"lengthInSteps":16,"altAnim":false,"mustHitSection":true,"changeBPM":false,"bpm":166},null,null,null,null,null,{"sectionNotes":[],"typeOfSection":0,"lengthInSteps":16,"altAnim":false,"mustHitSection":true,"changeBPM":false,"bpm":166},null,null,null,null,{"sectionNotes":[],"typeOfSection":0,"lengthInSteps":16,"altAnim":false,"mustHitSection":true,"changeBPM":false,"bpm":166},null,null,null,null,null,null,null,null,null,null,null,{"sectionNotes":[],"typeOfSection":0,"lengthInSteps":16,"altAnim":false,"mustHitSection":true,"changeBPM":false,"bpm":166},null,null,null,null,null,null,null,null,null,null,{"sectionNotes":[],"typeOfSection":0,"lengthInSteps":16,"altAnim":false,"mustHitSection":true,"changeBPM":false,"bpm":166},null,null,null,null,null,null,null,null,null,null,null,null,null,null,null,null,null,null,null,null,null,null,null,null,null,null,null,null,null,null,null,null,null,null,null,null,null,null,null,null,null,null,null,null,null,null,null,null,null,null,null,null,null,null,null,null,null,null,null,null,null,null,null,null,null,null,null,null,null,null,null,null,null,null,null,null,null,null,null,null,null,null,null,null,null,null,null,null,null,null,null,null,null,null,null,null,null,null,null,null,null,null,null,null,null,null,null,null,null,null,null,null,null,null,null,null,null,null,null,null,null,null,null,null,null,null,null,null,null,null,null,null,null,null,null,null,null,null,null,null,null,null,null,null,null,null,null,null,null,null,null,null,null,null,null,null,null,null,null,null,null,null,null,null,null,null,null,null,null,null,null,null,null,null,null,null,null,null,null,null,null,null,null,null,null,null,null,null,null,null,null,null,null,null,null,null,null,null,null,null,null,null,null,null,null,null,null,null,null,null,null,null,null,null,null,null,null,null,null,null,null,null,null,null,null,null,null,null,null,null,null,null,null,null,null,null,null,null,null,null,null,null,null,null,null,null,null,null,null,null,null,null,null,null,null,null,null,null,null,null,null,null,null,null,null,null,null,null,null,null,null,null,null,null,null,null,null,null,null,null,null,null,null,null,null,null,null,null,null,null,null,null,null,null,null,null,null,null,null,null,null,null,null,null,null,null,null,null,null,null,null,null,null,null,null,null,null,null,null,null,null,null,null,null,null,null,null,null,null,null,null,null,null,null,null,null,null,null,null,null,null,null,null,null,null,null,null,null,null,null,null,null,null,null,null,null,null,null,null,null,null,null,null,null,null,null,null,null,null,null,null,null,null,null,null,null,null,null,null,null,null,null,null,null,null,null,null,null,null,null,null,null,null,null,null,null,null,null,null,null,null,null,null,null,null,null,null,null,null,null,null,null,null,null,null,null,null,{"sectionNotes":[],"typeOfSection":0,"lengthInSteps":16,"altAnim":false,"mustHitSection":true,"changeBPM":false,"bpm":166},null,null,null,null,null,null,null,null,null,null,null,null,null,null,null,null,null,null,null,null,null,null,null,null,null,null,null,null,null,null,null,null,null,null,null,null,null,null,null,null,null,null,null,null,null,null,null,null,null,null,null,null,null,null,null,null,null,null,null,null,null,null,null,null,null,null,null,{"sectionNotes":[],"typeOfSection":0,"lengthInSteps":16,"altAnim":false,"mustHitSection":true,"changeBPM":false,"bpm":166},null,null,null,null,null,null,null,null,null,null,null,null,null,null,null,null,null,null,null,null,null,null,null,null,null,null,null,null,null,null,null,null,null,null,null,null,null,null,null,null,null,null,null,null,{"sectionNotes":[],"typeOfSection":0,"lengthInSteps":16,"altAnim":false,"mustHitSection":true,"changeBPM":false,"bpm":166},null,null,null,null,null,null,null,null,null,null,{"sectionNotes":[],"typeOfSection":0,"lengthInSteps":16,"altAnim":false,"mustHitSection":true,"changeBPM":false,"bpm":166},null,null,null,null,null,null,null,null,null,null,{"sectionNotes":[],"typeOfSection":0,"lengthInSteps":16,"altAnim":false,"mustHitSection":true,"changeBPM":false,"bpm":166},null,null,null,null,null,null,null,null,null,null,null,null,null,null,null,null,null,null,null,null,null,null,null,null,null,null,null,null,null,null,null,null,null,null,null,null,null,null,null,null,null,null,null,null,{"sectionNotes":[],"typeOfSection":0,"lengthInSteps":16,"altAnim":false,"mustHitSection":true,"changeBPM":false,"bpm":166},null,null,null,null,null,null,null,null,null,null,null,{"sectionNotes":[],"typeOfSection":0,"lengthInSteps":16,"altAnim":false,"mustHitSection":true,"changeBPM":false,"bpm":166},null,null,null,null,{"sectionNotes":[],"typeOfSection":0,"lengthInSteps":16,"altAnim":false,"mustHitSection":true,"changeBPM":false,"bpm":166},null,null,null,null,null,{"sectionNotes":[],"typeOfSection":0,"lengthInSteps":16,"altAnim":false,"mustHitSection":true,"changeBPM":false,"bpm":166},null,null,null,null,null,null,null,null,null,null,null,null,null,null,null,null,null,null,null,null,null,null,{"sectionNotes":[],"typeOfSection":0,"lengthInSteps":16,"altAnim":false,"mustHitSection":true,"changeBPM":false,"bpm":166},null,null,null,null,null,null,null,null,null,null,null,null,null,null,null,null,null,null,null,null,null,null,null,null,null,null,null,null,null,null,null,null,null,null,null,null,null,null,null,null,null,null,null,null,{"sectionNotes":[],"typeOfSection":0,"lengthInSteps":16,"altAnim":false,"mustHitSection":true,"changeBPM":false,"bpm":166},null,null,null,null,null,null,null,null,null,null,null,null,null,null,null,null,null,null,null,null,null,{"sectionNotes":[],"typeOfSection":0,"lengthInSteps":16,"altAnim":false,"mustHitSection":true,"changeBPM":false,"bpm":166},null,null,null,null,null,null,null,null,null,null,null,null,null,null,null,null,null,null,null,null,null,null,{"sectionNotes":[],"typeOfSection":0,"lengthInSteps":16,"altAnim":false,"mustHitSection":true,"changeBPM":false,"bpm":166},null,null,null,null,null,null,null,null,null,null,null,null,null,null,null,null,null,null,null,null,null,null,{"sectionNotes":[],"typeOfSection":0,"lengthInSteps":16,"altAnim":false,"mustHitSection":true,"changeBPM":false,"bpm":166},null,null,null,null,null,null,null,null,null,null,null,null,null,null,null,null,null,null,null,null,null,{"sectionNotes":[],"typeOfSection":0,"lengthInSteps":16,"altAnim":false,"mustHitSection":true,"changeBPM":false,"bpm":166},null,null,null,null,null,null,null,null,null,null,null,null,null,null,null,null,null,null,null,null,null,null,null,null,null,null,null,null,null,null,null,null,null,null,null,null,null,null,null,null,null,null,null,null,null,null,null,null,null,null,null,null,null,null,null,null,null,null,null,null,null,{"sectionNotes":[],"typeOfSection":0,"lengthInSteps":16,"altAnim":false,"mustHitSection":true,"changeBPM":false,"bpm":166},null,null,null,null,null,null,null,null,null,null,null,null,null,null,null,null,null,null,null,null,null,null,null,null,null,null,null,null,null,null,null,null,null,null,null,null,null,null,null,null,null,null,null,null,null,null,null,null,null,null,null,null,null,null,null,null,null,null,null,null,null,null,null,null,null,null,null,null,null,null,null,null,null,null,null,null,null,null,null,null,null,null,null,null,null,null,null,null,null,null,null,null,null,null,null,null,null,null,null,null,null,null,null,null,null,null,null,null,null,null,null,null,null,null,null,null,null,null,null,null,null,null,null,null,null,null,null,null,null,null,null,null,null,null,null,null,null,null,null,null,null,null,null,null,null,null,null,null,null,null,null,null,null,null,null,null,null,null,null,null,null,null,null,null,null,null,null,null,null,null,null,null,null,null,null,null,null,null,null,null,null,null,null,null,null,null,null,null,null,null,null,null,null,null,null,null,null,null,null,null,null,null,null,null,null,null,null,null,null,null,null,null,null,null,null,null,null,null,null,null,null,null,null,null,null,null,null,null,null,null,null,null,null,null,null,null,null,null,null,null,null,null,null,null,null,null,null,null,null,null,null,null,null,null,null,null,null,null,null,null,null,null,null,null,null,null,null,null,null,null,null,null,null,null,null,null,{"sectionNotes":[],"typeOfSection":0,"lengthInSteps":16,"altAnim":false,"mustHitSection":true,"changeBPM":false,"bpm":166},null,null,null,null,null,null,null,null,null,null,null,null,null,null,null,null,null,null,null,null,null,null,{"sectionNotes":[],"typeOfSection":0,"lengthInSteps":16,"altAnim":false,"mustHitSection":true,"changeBPM":false,"bpm":166},null,null,null,null,null,null,null,null,null,null,{"sectionNotes":[],"typeOfSection":0,"lengthInSteps":16,"altAnim":false,"mustHitSection":true,"changeBPM":false,"bpm":166},null,null,null,null,null,null,null,null,null,null,{"sectionNotes":[],"typeOfSection":0,"lengthInSteps":16,"altAnim":false,"mustHitSection":true,"changeBPM":false,"bpm":166},null,null,null,null,null,null,null,null,null,null,null,{"sectionNotes":[],"typeOfSection":0,"lengthInSteps":16,"altAnim":false,"mustHitSection":true,"changeBPM":false,"bpm":166},null,null,null,null,{"sectionNotes":[],"typeOfSection":0,"lengthInSteps":16,"altAnim":false,"mustHitSection":true,"changeBPM":false,"bpm":166},null,null,null,null,null,{"sectionNotes":[],"typeOfSection":0,"lengthInSteps":16,"altAnim":false,"mustHitSection":true,"changeBPM":false,"bpm":166},null,null,null,null,null,null,null,null,null,null,{"sectionNotes":[],"typeOfSection":0,"lengthInSteps":16,"altAnim":false,"mustHitSection":true,"changeBPM":false,"bpm":166},null,null,null,null,null,null,null,null,null,null,{"sectionNotes":[],"typeOfSection":0,"lengthInSteps":16,"altAnim":false,"mustHitSection":true,"changeBPM":false,"bpm":166},null,null,null,null,null,null,null,null,null,null,null,null,null,null,null,null,null,null,null,null,null,null,{"sectionNotes":[],"typeOfSection":0,"lengthInSteps":16,"altAnim":false,"mustHitSection":true,"changeBPM":false,"bpm":166},null,null,null,null,null,null,null,null,null,null,null,null,null,null,null,null,null,null,null,null,null,null,{"sectionNotes":[],"typeOfSection":0,"lengthInSteps":16,"altAnim":false,"mustHitSection":true,"changeBPM":false,"bpm":166},null,null,null,null,{"sectionNotes":[],"typeOfSection":0,"lengthInSteps":16,"altAnim":false,"mustHitSection":true,"changeBPM":false,"bpm":166},null,null,null,null,null,null,null,null,null,null,null,null,null,null,null,null,{"sectionNotes":[],"typeOfSection":0,"lengthInSteps":16,"altAnim":false,"mustHitSection":true,"changeBPM":false,"bpm":166},null,null,null,null,null,null,null,null,null,null,{"sectionNotes":[],"typeOfSection":0,"lengthInSteps":16,"altAnim":false,"mustHitSection":true,"changeBPM":false,"bpm":166},null,null,null,null,null,null,null,null,null,null,null,{"sectionNotes":[],"typeOfSection":0,"lengthInSteps":16,"altAnim":false,"mustHitSection":true,"changeBPM":false,"bpm":166},null,null,null,null,null,null,null,null,null,null,{"sectionNotes":[],"typeOfSection":0,"lengthInSteps":16,"altAnim":false,"mustHitSection":true,"changeBPM":false,"bpm":166},null,null,null,null,null,null,null,null,null,null,{"sectionNotes":[],"typeOfSection":0,"lengthInSteps":16,"altAnim":false,"mustHitSection":true,"changeBPM":false,"bpm":166},null,null,null,null,null,null,null,null,null,null,null,{"sectionNotes":[],"typeOfSection":0,"lengthInSteps":16,"altAnim":false,"mustHitSection":true,"changeBPM":false,"bpm":166},null,null,null,null,null,null,null,null,null,null,{"sectionNotes":[],"typeOfSection":0,"lengthInSteps":16,"altAnim":false,"mustHitSection":true,"changeBPM":false,"bpm":166},null,null,null,null,null,null,null,null,null,null,{"sectionNotes":[],"typeOfSection":0,"lengthInSteps":16,"altAnim":false,"mustHitSection":true,"changeBPM":false,"bpm":166},null,null,null,null,null,null,null,null,null,null,null,null,null,null,null,null,null,null,null,null,null,null,null,null,null,null,null,null,null,null,null,null,null,{"sectionNotes":[],"typeOfSection":0,"lengthInSteps":16,"altAnim":false,"mustHitSection":true,"changeBPM":false,"bpm":166},null,null,null,null,null,null,null,null,null,null,{"sectionNotes":[],"typeOfSection":0,"lengthInSteps":16,"altAnim":false,"mustHitSection":true,"changeBPM":false,"bpm":166},null,null,null,null,null,null,null,null,null,null,null,{"sectionNotes":[],"typeOfSection":0,"lengthInSteps":16,"altAnim":false,"mustHitSection":true,"changeBPM":false,"bpm":166},null,null,null,null,{"sectionNotes":[],"typeOfSection":0,"lengthInSteps":16,"altAnim":false,"mustHitSection":true,"changeBPM":false,"bpm":166},null,null,null,null,null,{"sectionNotes":[],"typeOfSection":0,"lengthInSteps":16,"altAnim":false,"mustHitSection":true,"changeBPM":false,"bpm":166},null,null,null,null,null,null,null,null,null,null,{"sectionNotes":[],"typeOfSection":0,"lengthInSteps":16,"altAnim":false,"mustHitSection":true,"changeBPM":false,"bpm":166},null,null,null,null,null,null,null,null,null,null,null,{"sectionNotes":[],"typeOfSection":0,"lengthInSteps":16,"altAnim":false,"mustHitSection":true,"changeBPM":false,"bpm":166},null,null,null,null,null,null,null,null,null,null,{"sectionNotes":[],"typeOfSection":0,"lengthInSteps":16,"altAnim":false,"mustHitSection":true,"changeBPM":false,"bpm":166},null,null,null,null,null,null,null,null,null,null,null,null,null,null,null,null,null,null,null,null,null,{"sectionNotes":[],"typeOfSection":0,"lengthInSteps":16,"altAnim":false,"mustHitSection":true,"changeBPM":false,"bpm":166},null,null,null,null,null,null,null,null,null,null,null,null,null,null,null,null,null,null,null,null,null,null,null,null,null,null,null,null,null,null,null,null,null,null,null,null,null,null,null,null,null,null,null,null,null,null,null,null,null,null,null,null,null,null,null,null,null,null,null,null,null,null,null,null,null,null,null,null,null,null,null,null,null,null,null,null,null,null,null,null,null,null,null,null,null,null,null,null,null,null,null,null,null,null,null,null,null,null,null,null,null,null,null,null,null,null,null,null,null,null,null,null,null,null,null,null,null,null,null,null,null,null,null,null,null,null,null,null,null,null,null,null,null,null,null,{"lengthInSteps":16,"altAnim":false,"typeOfSection":0,"sectionNotes":[],"bpm":166,"changeBPM":false,"mustHitSection":true},null,null,null,null,null,null,null,null,null,null,null,null,null,null,null,null,null,null,null,null,null,null,null,null,null,null,null,null,null,null,null,null,null,null,null,null,null,null,null,null,null,null,null,null,null,null,null,null,null,null,null,null,null,null,null,null,null,null,null,null,null,null,null,null,null,null,null,null,null,null,null,null,null,null,null,null,null,null,null,null,null,null,null,null,null,null,null,null,null,null,null,null,null,null,null,null,null,null,null,null,null,null,null,null,null,null,null,null,null,null,null,null,null,null,null,null,null,null,null,null,null,null,null,null,null,null,null,null,null,null,null,null,null,null,null,null,null,null,null,null,null,null,null,null,null,null,null,null,null,null,null,null,null,null,null,null,null,null,null,null,null,null,null,null,null,null,null,null,null,null,null,null,null,null,null,null,null,null,null,null,null,null,null,null,null,null,null,null,null,null,null,null,null,null,null,null,null,null,null,null,null,null,null,null,null,null,null,null,null,null,null,null,null,null,null,null,null,null,null,null,null,null,null,null,null,null,null,null,null,null,null,null,null,null,null,null,null,null,null,null,null,null,null,null,null,null,null,null,null,null,null,null,null,null,null,null,null,null,null,null,null,null,null,null,null,null,null,null,null,null,null,null,null,null,null,null,null,null,null,null,null,null,null,null,null,null,null,null,null,null,null,null,null,null,null,null,null,null,null,null,null,null,null,null,null,null,null,null,null,null,null,null,null,null,null,null,null,null,null,null,null,null,null,null,null,null,null,null,null,null,null,null,null,null,null,null,null,null,null,null,null,null,null,null,null,null,null,null,null,null,null,null,null,null,null,null,null,null,null,null,{"lengthInSteps":16,"altAnim":false,"typeOfSection":0,"sectionNotes":[],"bpm":166,"changeBPM":false,"mustHitSection":true},null,null,null,null,null,null,null,null,null,null,null,null,null,null,null,null,null,null,null,null,null,null,null,null,null,null,null,null,null,null,null,null,null,null,null,null,null,null,null,null,null,null,null,null,null,null,null,null,null,null,null,null,null,null,null,null,null,null,null,null,null,null,null,null,null,null,null,null,null,null,null,null,null,null,null,null,null,null,null,null,null,null,null,null,null,null,null,null,null,null,null,null,null,null,null,null,null,null,null,null,null,null,null,null,null,null,null,null,null,null,null,null,null,null,null,null,null,null,null,null,null,null,null,null,null,null,null,null,null,null,null,null,null,null,null,{"sectionNotes":[],"typeOfSection":0,"lengthInSteps":16,"altAnim":false,"mustHitSection":true,"changeBPM":false,"bpm":166},null,null,null,null,null,null,null,null,null,null,null,null,null,null,null,null,null,null,null,null,null,null,null,null,null,null,null,null,null,null,null,null,null,null,null,null,null,null,null,null,null,null,null,null,null,null,null,null,null,null,null,null,null,null,null,null,null,null,null,null,null,null,null,null,null,null,null,null,null,null,null,null,null,null,null,null,null,null,null,null,null,null,null,null,null,null,null,null,null,null,null,null,null,null,null,null,null,null,null,null,null,null,null,null,null,null,null,null,null,null,null,null,null,null,null,null,null,null,null,null,null,null,null,null,null,null,null,null,null,null,null,null,null,null,null,null,null,null,null,null,null,null,null,null,null,null,null,null,null,null,null,null,null,null,null,null,null,null,null,null,null,null,null,null,null,null,null,null,null,null,null,null,null,null,null,null,null,null,null,null,null,null,null,null,null,null,null,null,null,null,null,null,null,null,null,null,null,null,null,null,null,null,null,null,null,null,null,null,null,null,null,null,null,null,null,null,null,null,null,null,null,null,null,null,null,null,null,null,null,null,null,null,null,null,null,null,null,null,null,null,null,null,null,null,null,null,null,null,null,null,null,null,null,null,null,null,null,null,null,null,null,null,null,null,null,null,null,null,null,null,null,null,null,null,null,null,null,null,null,null,null,null,null,null,null,null,null,null,null,null,null,null,null,null,null,null,null,null,null,null,null,null,null,null,null,null,null,null,null,null,null,null,null,null,null,null,null,null,null,null,null,null,null,null,null,null,null,null,null,null,null,null,null,null,null,null,null,null,null,null,null,null,null,null,null,null,null,null,null,null,null,null,null,null,null,null,null,null,null,null,null,null,null,null,null,null,null,null,null,null,null,null,null,null,null,null,null,null,null,null,null,null,null,null,null,null,null,null,null,null,null,null,null,null,null,null,null,null,null,null,null,null,null,null,null,null,null,null,null,null,null,null,null,null,null,null,null,null,null,null,null,null,null,null,null,null,null,null,null,null,null,null,null,null,null,null,null,null,null,null,null,null,null,null,null,null,null,null,null,null,null,null,null,null,null,null,null,null,null,null,null,null,null,null,null,null,null,null,null,null,null,null,null,{"sectionNotes":[],"typeOfSection":0,"lengthInSteps":16,"altAnim":false,"mustHitSection":true,"changeBPM":false,"bpm":166},null,null,null,null,null,null,null,null,null,null,null,{"sectionNotes":[],"typeOfSection":0,"lengthInSteps":16,"altAnim":false,"mustHitSection":true,"changeBPM":false,"bpm":166},null,null,null,null,{"sectionNotes":[],"typeOfSection":0,"lengthInSteps":16,"altAnim":false,"mustHitSection":true,"changeBPM":false,"bpm":166},null,null,null,null,null,{"sectionNotes":[],"typeOfSection":0,"lengthInSteps":16,"altAnim":false,"mustHitSection":true,"changeBPM":false,"bpm":166},null,null,null,null,null,{"sectionNotes":[],"typeOfSection":0,"lengthInSteps":16,"altAnim":false,"mustHitSection":true,"changeBPM":false,"bpm":166},null,null,null,null,{"sectionNotes":[],"typeOfSection":0,"lengthInSteps":16,"altAnim":false,"mustHitSection":true,"changeBPM":false,"bpm":166},null,null,null,null,null,{"sectionNotes":[],"typeOfSection":0,"lengthInSteps":16,"altAnim":false,"mustHitSection":true,"changeBPM":false,"bpm":166},null,null,null,null,null,{"sectionNotes":[],"typeOfSection":0,"lengthInSteps":16,"altAnim":false,"mustHitSection":true,"changeBPM":false,"bpm":166},null,null,null,null,null,null,null,null,null,null,{"sectionNotes":[],"typeOfSection":0,"lengthInSteps":16,"altAnim":false,"mustHitSection":true,"changeBPM":false,"bpm":166},null,null,null,null,null,null,null,null,null,null,{"sectionNotes":[],"typeOfSection":0,"lengthInSteps":16,"altAnim":false,"mustHitSection":true,"changeBPM":false,"bpm":166},null,null,null,null,null,null,null,null,null,null,null,null,null,null,null,null,null,null,null,null,null,null,null,null,null,null,null,null,null,null,null,null,null,null,null,null,null,null,null,null,null,null,null,null,null,null,null,null,null,null,null,null,null,null,null,null,null,null,null,null,null,null,null,null,null,null,null,{"sectionNotes":[],"typeOfSection":0,"lengthInSteps":16,"altAnim":false,"mustHitSection":true,"changeBPM":false,"bpm":166},null,null,null,null,null,null,null,null,null,null,null,null,null,null,null,null,null,null,null,null,null,null,{"sectionNotes":[],"typeOfSection":0,"lengthInSteps":16,"altAnim":false,"mustHitSection":true,"changeBPM":false,"bpm":166},null,null,null,null,null,null,null,null,null,null,null,null,null,null,null,null,null,null,null,null,null,{"sectionNotes":[],"typeOfSection":0,"lengthInSteps":16,"altAnim":false,"mustHitSection":true,"changeBPM":false,"bpm":166},null,null,{"sectionNotes":[],"typeOfSection":0,"lengthInSteps":16,"altAnim":false,"mustHitSection":true,"changeBPM":false,"bpm":166},null,{"sectionNotes":[],"typeOfSection":0,"lengthInSteps":16,"altAnim":false,"mustHitSection":true,"changeBPM":false,"bpm":166},{"sectionNotes":[],"typeOfSection":0,"lengthInSteps":16,"altAnim":false,"mustHitSection":true,"changeBPM":false,"bpm":166},null,null,null,{"sectionNotes":[],"typeOfSection":0,"lengthInSteps":16,"altAnim":false,"mustHitSection":true,"changeBPM":false,"bpm":166},{"sectionNotes":[],"typeOfSection":0,"lengthInSteps":16,"altAnim":false,"mustHitSection":true,"changeBPM":false,"bpm":166},null,null,{"sectionNotes":[],"typeOfSection":0,"lengthInSteps":16,"altAnim":false,"mustHitSection":true,"changeBPM":false,"bpm":166},null,{"sectionNotes":[],"typeOfSection":0,"lengthInSteps":16,"altAnim":false,"mustHitSection":true,"changeBPM":false,"bpm":166},{"sectionNotes":[],"typeOfSection":0,"lengthInSteps":16,"altAnim":false,"mustHitSection":true,"changeBPM":false,"bpm":166},null,null,{"sectionNotes":[],"typeOfSection":0,"lengthInSteps":16,"altAnim":false,"mustHitSection":true,"changeBPM":false,"bpm":166},{"sectionNotes":[],"typeOfSection":0,"lengthInSteps":16,"altAnim":false,"mustHitSection":true,"changeBPM":false,"bpm":166},null,{"sectionNotes":[],"typeOfSection":0,"lengthInSteps":16,"altAnim":false,"mustHitSection":true,"changeBPM":false,"bpm":166},null,null,null,null,{"sectionNotes":[],"typeOfSection":0,"lengthInSteps":16,"altAnim":false,"mustHitSection":true,"changeBPM":false,"bpm":166},null,null,null,null,null,{"sectionNotes":[],"typeOfSection":0,"lengthInSteps":16,"altAnim":false,"mustHitSection":true,"changeBPM":false,"bpm":166},null,null,null,null,null,{"sectionNotes":[],"typeOfSection":0,"lengthInSteps":16,"altAnim":false,"mustHitSection":true,"changeBPM":false,"bpm":166},null,null,null,null,null,null,null,null,null,null,null,null,null,null,null,null,null,null,null,null,null,null,null,null,null,null,null,{"sectionNotes":[],"typeOfSection":0,"lengthInSteps":16,"altAnim":false,"mustHitSection":true,"changeBPM":false,"bpm":166},null,null,null,null,null,null,null,null,null,null,null,null,null,null,null,null,null,null,null,null,null,{"sectionNotes":[],"typeOfSection":0,"lengthInSteps":16,"altAnim":false,"mustHitSection":true,"changeBPM":false,"bpm":166},null,null,null,null,null,null,null,null,null,null,null,null,null,null,null,null,null,null,null,null,null,null,{"sectionNotes":[],"typeOfSection":0,"lengthInSteps":16,"altAnim":false,"mustHitSection":true,"changeBPM":false,"bpm":166},null,null,null,null,null,null,null,null,null,null,null,null,null,null,null,null,null,null,null,null,null,null,{"sectionNotes":[],"typeOfSection":0,"lengthInSteps":16,"altAnim":false,"mustHitSection":true,"changeBPM":false,"bpm":166},null,null,null,null,null,null,null,null,null,null,null,null,null,null,null,null,null,null,null,null,null,{"sectionNotes":[],"typeOfSection":0,"lengthInSteps":16,"altAnim":false,"mustHitSection":true,"changeBPM":false,"bpm":166},null,null,null,null,null,null,null,null,null,null,null,null,null,null,null,null,null,null,null,null,null,null,null,null,null,null,null,null,null,null,null,null,null,null,null,null,null,null,null,null,null,null,null,null,null,null,null,null,null,null,null,null,null,null,null,null,null,null,null,null,null,null,null,null,null,null,null,null,null,null,null,null,null,null,null,null,null,null,null,null,null,null,null,null,null,null,null,null,null,null,{"sectionNotes":[],"typeOfSection":0,"lengthInSteps":16,"altAnim":false,"mustHitSection":true,"changeBPM":false,"bpm":166},null,null,null,null,null,null,null,null,null,null,null,null,null,null,null,null,null,null,null,null,null,null,null,null,null,null,null,null,null,null,null,null,null,null,null,null,null,null,null,null,null,null,null,null,null,null,null,null,null,null,null,null,null,null,null,null,null,null,null,null,null,null,null,null,null,null,null,null,null,null,null,null,null,null,null,null,null,null,null,null,null,null,null,null,null,null,null,null,null,null,null,null,null,null,null,null,null,null,null,null,null,null,null,null,null,null,null,null,null,null,null,null,null,null,null,null,null,null,null,null,null,null,null,null,null,null,null,null,null,null,null,null,null,null,null,null,null,null,null,null,null,null,null,null,null,null,null,null,null,null,null,null,null,null,null,null,null,null,null,null,null,null,null,null,null,null,null,null,null,null,null,null,null,null,null,null,null,null,null,null,null,null,null,null,null,null,null,null,null,null,null,null,null,null,null,null,null,null,null,null,null,null,{"sectionNotes":[],"typeOfSection":0,"lengthInSteps":16,"altAnim":false,"mustHitSection":true,"changeBPM":false,"bpm":166},null,null,null,null,null,null,null,null,null,null,{"sectionNotes":[],"typeOfSection":0,"lengthInSteps":16,"altAnim":false,"mustHitSection":true,"changeBPM":false,"bpm":166},null,null,null,null,null,null,null,null,null,null,null,{"sectionNotes":[],"typeOfSection":0,"lengthInSteps":16,"altAnim":false,"mustHitSection":true,"changeBPM":false,"bpm":166},null,null,null,null,null,null,null,null,null,null,{"sectionNotes":[],"typeOfSection":0,"lengthInSteps":16,"altAnim":false,"mustHitSection":true,"changeBPM":false,"bpm":166},null,null,null,null,null,null,null,null,null,null,{"sectionNotes":[],"typeOfSection":0,"lengthInSteps":16,"altAnim":false,"mustHitSection":true,"changeBPM":false,"bpm":166},null,null,null,null,null,{"sectionNotes":[],"typeOfSection":0,"lengthInSteps":16,"altAnim":false,"mustHitSection":true,"changeBPM":false,"bpm":166},null,null,null,null,{"sectionNotes":[],"typeOfSection":0,"lengthInSteps":16,"altAnim":false,"mustHitSection":true,"changeBPM":false,"bpm":166},null,null,null,null,null,{"sectionNotes":[],"typeOfSection":0,"lengthInSteps":16,"altAnim":false,"mustHitSection":true,"changeBPM":false,"bpm":166},null,null,null,null,null,{"sectionNotes":[],"typeOfSection":0,"lengthInSteps":16,"altAnim":false,"mustHitSection":true,"changeBPM":false,"bpm":166},null,null,null,null,null,null,null,null,null,null,null,null,null,null,null,null,null,null,null,null,null,null,null,null,null,null,null,null,null,null,null,null,null,null,null,null,null,null,null,null,null,null,null,null,null,null,null,null,null,null,null,null,null,null,null,null,null,null,null,null,null,null,null,null,null,null,null,null,null,null,null,null,null,null,null,null,null,null,null,null,null,null,null,null,null,null,null,null,null,null,null,null,null,null,null,null,null,null,null,null,null,null,null,null,null,null,null,null,null,null,null,null,null,null,null,null,null,null,null,null,null,null,null,{"lengthInSteps":16,"altAnim":false,"typeOfSection":0,"sectionNotes":[],"bpm":166,"changeBPM":false,"mustHitSection":true},null,null,null,null,null,null,null,null,null,null,null,null,null,null,null,null,null,null,null,null,null,null,null,null,null,null,null,null,null,null,null,null,null,null,null,null,null,null,null,null,null,null,null,null,null,null,null,null,null,null,null,null,null,null,null,null,null,null,null,null,null,null,null,null,null,null,null,null,null,null,null,null,null,null,null,null,null,null,null,null,null,null,null,null,{"lengthInSteps":16,"altAnim":false,"typeOfSection":0,"sectionNotes":[],"bpm":166,"changeBPM":false,"mustHitSection":true},null,null,null,null,null,null,null,null,null,null,null,null,null,null,null,null,null,null,null,null,null,null,null,null,null,null,null,null,null,null,null,null,null,null,null,null,null,null,null,null,null,null,null,null,null,null,null,null,null,null,null,null,null,null,null,null,null,null,null,null,null,{"sectionNotes":[],"typeOfSection":0,"lengthInSteps":16,"altAnim":false,"mustHitSection":true,"changeBPM":false,"bpm":166},null,null,null,null,null,null,null,null,null,null,null,null,null,null,null,null,null,null,null,null,null,null,null,null,null,null,null,null,null,null,null,null,null,null,null,null,null,null,null,null,null,null,null,null,null,null,null,null,null,null,null,null,null,null,null,null,null,null,null,null,null,null,null,null,null,null,null,null,null,null,null,null,null,null,null,null,null,null,null,null,null,null,null,null,null,null,null,null,null,null,null,null,null,null,null,null,null,null,null,null,null,null,null,null,null,null,null,null,null,null,null,null,null,null,null,null,null,null,null,null,null,null,null,null,null,null,null,null,null,null,null,null,null,null,null,null,null,null,null,null,null,null,null,null,null,null,null,null,null,null,null,null,null,null,null,null,null,null,null,null,null,null,null,null,null,null,null,null,null,null,null,null,null,null,null,null,null,null,null,null,null,null,null,null,null,null,null,null,null,null,null,null,null,null,null,null,null,null,null,null,null,null,null,null,null,null,null,null,null,null,null,null,null,null,null,null,null,null,null,null,null,null,null,null,null,null,null,null,null,null,null,null,null,null,null,null,null,null,null,null,null,null,null,null,null,null,null,null,null,null,null,null,null,null,null,null,null,null,null,null,null,null,null,null,null,null,null,null,null,null,null,null,null,null,null,null,null,null,null,null,null,null,null,null,null,null,null,null,null,null,null,null,null,null,null,null,null,null,null,null,null,null,null,null,null,null,null,null,null,null,null,null,null,null,null,null,null,null,null,null,null,null,null,null,null,null,null,null,null,null,null,null,null,null,null,null,null,null,null,null,null,null,null,null,null,null,null,null,null,null,null,null,null,null,null,null,null,null,null,null,null,null,null,null,null,null,null,null,null,null,null,null,null,null,null,null,null,null,null,null,null,null,null,null,null,null,null,null,null,null,null,null,null,null,null,null,null,null,null,null,null,null,null,null,null,null,null,null,null,null,null,null,null,null,null,null,null,null,null,null,null,null,null,null,null,null,null,null,null,null,null,null,null,null,null,null,null,null,null,null,null,null,null,null,null,null,null,null,null,null,null,{"sectionNotes":[],"typeOfSection":0,"lengthInSteps":16,"altAnim":false,"mustHitSection":true,"changeBPM":false,"bpm":166},null,null,null,null,null,null,null,null,null,null,null,null,null,null,null,null,null,null,null,null,null,{"sectionNotes":[],"typeOfSection":0,"lengthInSteps":16,"altAnim":false,"mustHitSection":true,"changeBPM":false,"bpm":166},null,null,null,null,null,null,null,null,null,null,null,null,null,null,null,null,{"sectionNotes":[],"typeOfSection":0,"lengthInSteps":16,"altAnim":false,"mustHitSection":true,"changeBPM":false,"bpm":166},null,null,null,null,null,{"sectionNotes":[],"typeOfSection":0,"lengthInSteps":16,"altAnim":false,"mustHitSection":true,"changeBPM":false,"bpm":166}],"player2":"scratch cat","sectionLength":4,"song":"green-flag","validScore":true,"needsVoices":true,"noteTypes":["Default Note"],"speed":2,"bpm":166}}