{
	"songs": [
		{
			"difficulties": [
				"Old chart",
				"Normal",
				"Hard"
			],
			"displayName": "Scratch",
			"char": "scratch cat",
			"bpm": 140,
			"name": "Scratch",
			"color": "#DF7A01"
		},
		{
			"difficulties": [
				"Normal",
				"Hard"
			],
			"displayName": "programming",
			"char": "scratch cat",
			"bpm": 160,
			"name": "programming",
			"color": "#F58805"
		},
		{
			"bpm": 166,
			"difficulties": [
				"Normal",
				"Hard"
			],
			"displayName": "green-flag",
			"char": "scratch cat",
			"name": "green-flag",
			"color": "#F8B52A"
		}
	]
}