{"weeks":[{"difficulties":null,"selectSFX":"confirmMenu","color":"0xFFF9CF51","name":"scratch cat","bf":{"flipX":false,"confirmAnim":"BF HEY!!","file":"storymenu/campaign_menu_UI_characters","animation":"BF idle dance white","offset":[100,20],"scale":0.9},"bg":"","bgAnim":"","songs":["scratch","programming","green-flag"],"buttonSprite":"storymenu/week1","gf":{"flipX":false,"confirmAnim":"","file":"storymenu/campaign_menu_UI_characters","animation":"GF Dancing Beat WHITE","offset":[150,159],"scale":0.5},"dad":{"flipX":false,"confirmAnim":"","file":"storymenu/campaign_menu_UI_characters","animation":"Dad idle dance BLACK LINE","offset":[120,200],"scale":0.5}}]}