{
	"arrowColors": null,
	"camOffset": {
		"x": 0,
		"y": 0
	},
	"globalOffset": {
		"x": -220,
		"y": 70
	},
	"healthbarColor": "#CECECE",
	"flipX": false,
	"anims": [
		{
			"indices": null,
			"x": 0,
			"y": 0,
			"anim": "cheesepuffs idle",
			"loop": false,
			"name": "idle",
			"framerate": 24
		},
		{
			"indices": null,
			"x": 0,
			"y": 0,
			"anim": "cheesepuffs right",
			"loop": false,
			"name": "singRIGHT",
			"framerate": 24
		},
		{
			"indices": null,
			"x": 0,
			"y": 0,
			"anim": "cheesepuffs down",
			"loop": false,
			"name": "singDOWN",
			"framerate": 24
		},
		{
			"indices": null,
			"x": 0,
			"y": 0,
			"anim": "cheesepuffs left",
			"loop": false,
			"name": "singLEFT",
			"framerate": 24
		},
		{
			"indices": null,
			"x": 0,
			"y": 0,
			"anim": "cheesepuffs up",
			"loop": false,
			"name": "singUP",
			"framerate": 24
		}
	],
	"danceSteps": [
		"idle"
	],
	"antialiasing": true,
	"healthIconSteps": [
		[
			20,
			0
		],
		[
			0,
			1
		]
	],
	"scale": 1
}