<?xml version='1.0' encoding='utf-8'?>
<TextureAtlas imagePath="cheesepuffs.png"><SubTexture name="cheesepuffs idle0000" x="0" y="0" width="804" height="754" frameX="0" frameY="0" frameWidth="804" frameHeight="754" />
<SubTexture name="cheesepuffs idle0001" x="804" y="0" width="804" height="754" frameX="0" frameY="0" frameWidth="804" frameHeight="754" />
<SubTexture name="cheesepuffs idle0002" x="1608" y="0" width="804" height="754" frameX="0" frameY="0" frameWidth="804" frameHeight="754" />
<SubTexture name="cheesepuffs idle0003" x="2412" y="0" width="804" height="754" frameX="0" frameY="0" frameWidth="804" frameHeight="754" />
<SubTexture name="cheesepuffs idle0004" x="0" y="754" width="804" height="754" frameX="0" frameY="0" frameWidth="804" frameHeight="754" />
<SubTexture name="cheesepuffs idle0005" x="804" y="754" width="804" height="754" frameX="0" frameY="0" frameWidth="804" frameHeight="754" />
<SubTexture name="cheesepuffs idle0006" x="1608" y="754" width="804" height="754" frameX="0" frameY="0" frameWidth="804" frameHeight="754" />
<SubTexture name="cheesepuffs up0000" x="2412" y="754" width="804" height="754" frameX="0" frameY="0" frameWidth="804" frameHeight="754" />
<SubTexture name="cheesepuffs up0001" x="0" y="1508" width="804" height="754" frameX="0" frameY="0" frameWidth="804" frameHeight="754" />
<SubTexture name="cheesepuffs up0002" x="804" y="1508" width="804" height="754" frameX="0" frameY="0" frameWidth="804" frameHeight="754" />
<SubTexture name="cheesepuffs up0003" x="1608" y="1508" width="804" height="754" frameX="0" frameY="0" frameWidth="804" frameHeight="754" />
<SubTexture name="cheesepuffs down0000" x="2412" y="1508" width="804" height="754" frameX="0" frameY="0" frameWidth="804" frameHeight="754" />
<SubTexture name="cheesepuffs down0001" x="0" y="2262" width="804" height="754" frameX="0" frameY="0" frameWidth="804" frameHeight="754" />
<SubTexture name="cheesepuffs down0002" x="804" y="2262" width="804" height="754" frameX="0" frameY="0" frameWidth="804" frameHeight="754" />
<SubTexture name="cheesepuffs down0003" x="1608" y="2262" width="804" height="754" frameX="0" frameY="0" frameWidth="804" frameHeight="754" />
<SubTexture name="cheesepuffs left0000" x="2412" y="2262" width="804" height="754" frameX="0" frameY="0" frameWidth="804" frameHeight="754" />
<SubTexture name="cheesepuffs left0001" x="0" y="3016" width="804" height="754" frameX="0" frameY="0" frameWidth="804" frameHeight="754" />
<SubTexture name="cheesepuffs left0002" x="804" y="3016" width="804" height="754" frameX="0" frameY="0" frameWidth="804" frameHeight="754" />
<SubTexture name="cheesepuffs left0003" x="1608" y="3016" width="804" height="754" frameX="0" frameY="0" frameWidth="804" frameHeight="754" />
<SubTexture name="cheesepuffs right0000" x="2412" y="3016" width="804" height="754" frameX="0" frameY="0" frameWidth="804" frameHeight="754" />
<SubTexture name="cheesepuffs right0001" x="0" y="3770" width="804" height="754" frameX="0" frameY="0" frameWidth="804" frameHeight="754" />
<SubTexture name="cheesepuffs right0002" x="804" y="3770" width="804" height="754" frameX="0" frameY="0" frameWidth="804" frameHeight="754" />
<SubTexture name="cheesepuffs right0003" x="1608" y="3770" width="804" height="754" frameX="0" frameY="0" frameWidth="804" frameHeight="754" />
</TextureAtlas>
