{"song":{"scripts":[],"keyNumber":4,"player1":"bf cat","gfVersion":"gf","events":[],"notes":[{"duetCameraSlide":0.5,"lengthInSteps":16,"typeOfSection":0,"sectionNotes":[],"altAnim":false,"bpm":160,"changeBPM":false,"mustHitSection":false},{"duetCameraSlide":0.5,"lengthInSteps":16,"typeOfSection":0,"sectionNotes":[],"altAnim":false,"bpm":160,"changeBPM":false,"mustHitSection":false},{"duetCameraSlide":0.5,"lengthInSteps":16,"typeOfSection":0,"sectionNotes":[],"altAnim":false,"bpm":160,"changeBPM":false,"mustHitSection":true},{"duetCameraSlide":0.5,"lengthInSteps":16,"typeOfSection":0,"sectionNotes":[],"altAnim":false,"bpm":160,"changeBPM":false,"mustHitSection":true},{"duetCameraSlide":0.5,"lengthInSteps":16,"typeOfSection":0,"sectionNotes":[],"altAnim":false,"bpm":160,"changeBPM":false,"mustHitSection":false},{"duetCameraSlide":0.5,"lengthInSteps":16,"typeOfSection":0,"sectionNotes":[],"altAnim":false,"bpm":160,"changeBPM":false,"mustHitSection":false},{"altAnim":false,"mustHitSection":true,"duetCameraSlide":0.5,"lengthInSteps":16,"typeOfSection":0,"sectionNotes":[],"duetCamera":true,"changeBPM":false,"bpm":160},{"altAnim":false,"mustHitSection":true,"duetCameraSlide":0.5,"lengthInSteps":16,"typeOfSection":0,"sectionNotes":[],"duetCamera":true,"changeBPM":false,"bpm":160},{"duetCameraSlide":0.5,"lengthInSteps":16,"typeOfSection":0,"sectionNotes":[[12000,0,0],[12187.5,2,0],[12375,1,0],[12562.5,1,0],[12750,0,0],[12937.5,3,0],[13125,2,0],[13312.5,0,0]],"altAnim":false,"bpm":160,"changeBPM":false,"mustHitSection":false},{"duetCameraSlide":0.5,"lengthInSteps":16,"typeOfSection":0,"sectionNotes":[[13500,1,0],[13687.5,1,0],[13781.25,3,187.5],[14062.5,2,187.5],[14343.75,0,187.5],[14625,2,0],[14812.5,3,0]],"altAnim":false,"bpm":160,"changeBPM":false,"mustHitSection":false},{"duetCameraSlide":0.5,"lengthInSteps":16,"typeOfSection":0,"sectionNotes":[[15000,1,0],[15187.5,3,0],[15375,2,0],[15562.5,2,0],[15750,0,0],[15937.5,0,0],[16125,1,750]],"altAnim":false,"bpm":160,"changeBPM":false,"mustHitSection":false},{"duetCameraSlide":0.5,"lengthInSteps":16,"typeOfSection":0,"sectionNotes":[],"altAnim":false,"bpm":160,"changeBPM":false,"mustHitSection":true},{"duetCameraSlide":0.5,"lengthInSteps":16,"typeOfSection":0,"sectionNotes":[[18000,0,0],[18187.5,2,0],[18375,1,0],[18562.5,1,0],[18750,2,0],[18937.5,3,0],[19125,2,0],[19312.5,1,0]],"altAnim":false,"bpm":160,"changeBPM":false,"mustHitSection":true},{"duetCameraSlide":0.5,"lengthInSteps":16,"typeOfSection":0,"sectionNotes":[[19500,0,0],[19687.5,1,0],[19781.25,3,187.5],[20062.5,2,187.5],[20343.75,0,187.5],[20625,2,0],[20812.5,3,0]],"altAnim":false,"bpm":160,"changeBPM":false,"mustHitSection":true},{"duetCameraSlide":0.5,"lengthInSteps":16,"typeOfSection":0,"sectionNotes":[[21000,1,0],[21187.5,3,0],[21375,2,0],[21562.5,2,0],[21937.5,1,0],[22125,1,281.25],[21750,1,0]],"altAnim":false,"bpm":160,"changeBPM":false,"mustHitSection":true},{"duetCameraSlide":0.5,"lengthInSteps":16,"typeOfSection":0,"sectionNotes":[[22500,3,281.25],[22875,0,281.25],[23250,1,656.25]],"altAnim":false,"bpm":160,"changeBPM":false,"mustHitSection":true},{"altAnim":false,"mustHitSection":false,"duetCameraSlide":0.5,"lengthInSteps":16,"typeOfSection":0,"sectionNotes":[[24000,0,0],[24187.5,3,0],[24375,1,0],[24562.5,2,0],[24750,2,0],[24937.5,3,0],[25125,1,0],[25312.5,0,0]],"duetCamera":false,"changeBPM":false,"bpm":160},{"duetCameraSlide":0.5,"lengthInSteps":16,"typeOfSection":0,"sectionNotes":[[25500,3,187.5],[25781.25,2,0],[25968.75,2,0],[26156.25,2,0],[26343.75,0,0],[26531.25,0,0],[26718.75,0,0],[26906.25,1,0]],"altAnim":false,"bpm":160,"changeBPM":false,"mustHitSection":false},{"duetCameraSlide":0.5,"lengthInSteps":16,"typeOfSection":0,"sectionNotes":[[27093.75,2,0],[27281.25,3,0],[27468.75,1,0],[27656.25,0,281.25],[28031.25,2,187.5],[28312.5,3,0]],"altAnim":false,"bpm":160,"changeBPM":false,"mustHitSection":false},{"duetCameraSlide":0.5,"lengthInSteps":16,"typeOfSection":0,"sectionNotes":[[28500,1,281.25],[28875,2,281.25],[29250,3,656.25]],"altAnim":false,"bpm":160,"changeBPM":false,"mustHitSection":false},{"duetCameraSlide":0.5,"lengthInSteps":16,"typeOfSection":0,"sectionNotes":[[30000,0,0],[30187.5,3,0],[30375,1,0],[30562.5,2,0],[30750,2,0],[30937.5,3,0],[31125,1,0],[31312.5,0,0]],"altAnim":false,"bpm":160,"changeBPM":false,"mustHitSection":true},{"duetCameraSlide":0.5,"lengthInSteps":16,"typeOfSection":0,"sectionNotes":[[32531.25,3,0],[31500,3,187.5],[31781.25,2,0],[31968.75,2,0],[32156.25,2,0],[32343.75,0,0],[32718.75,0,0],[32906.25,1,0]],"altAnim":false,"bpm":160,"changeBPM":false,"mustHitSection":true},{"duetCameraSlide":0.5,"lengthInSteps":16,"typeOfSection":0,"sectionNotes":[[33093.75,2,0],[33281.25,3,0],[33468.75,1,0],[33656.25,0,281.25],[34031.25,2,187.5],[34312.5,3,0]],"altAnim":false,"bpm":160,"changeBPM":false,"mustHitSection":true},{"duetCameraSlide":0.5,"lengthInSteps":16,"typeOfSection":0,"sectionNotes":[[34500,1,281.25],[34875,2,281.25],[35250,3,656.25]],"altAnim":false,"bpm":160,"changeBPM":false,"mustHitSection":true},{"duetCameraSlide":0.5,"lengthInSteps":16,"typeOfSection":0,"sectionNotes":[[36000,1,0],[36187.5,1,0],[36375,2,281.25],[36750,3,0],[36937.5,1,0],[37125,0,281.25]],"altAnim":false,"bpm":160,"changeBPM":false,"mustHitSection":false},{"duetCameraSlide":0.5,"lengthInSteps":16,"typeOfSection":0,"sectionNotes":[[37500,2,468.75],[38250,3,281.25],[38625,1,281.25],[37500,0,468.75],[38250,2,281.25],[38625,0,281.25]],"altAnim":false,"bpm":160,"changeBPM":false,"mustHitSection":false},{"duetCameraSlide":0.5,"lengthInSteps":16,"typeOfSection":0,"sectionNotes":[[39000,3,0],[39187.5,2,0],[39375,0,0],[39562.5,3,0],[39750,1,281.25],[40125,3,281.25]],"altAnim":false,"bpm":160,"changeBPM":false,"mustHitSection":false},{"duetCameraSlide":0.5,"lengthInSteps":16,"typeOfSection":0,"sectionNotes":[[40500,1,0],[40500,0,0],[40687.5,0,0],[40687.5,1,0],[40875,1,0],[40875,2,0],[41062.5,1,0],[41062.5,2,0],[41250,0,0],[41250,2,0],[41437.5,2,468.75],[41437.5,3,468.75]],"altAnim":false,"bpm":160,"changeBPM":false,"mustHitSection":false},{"duetCameraSlide":0.5,"lengthInSteps":16,"typeOfSection":0,"sectionNotes":[[42000,1,0],[42187.5,1,0],[42375,2,281.25],[42750,3,0],[42937.5,1,0],[43125,0,281.25]],"altAnim":false,"bpm":160,"changeBPM":false,"mustHitSection":true},{"duetCameraSlide":0.5,"lengthInSteps":16,"typeOfSection":0,"sectionNotes":[[43500,1,656.25],[43500,2,656.25],[44250,3,281.25],[44625,1,281.25],[44250,2,281.25],[44625,0,281.25]],"altAnim":false,"bpm":160,"changeBPM":false,"mustHitSection":true},{"duetCameraSlide":0.5,"lengthInSteps":16,"typeOfSection":0,"sectionNotes":[[45000,3,0],[45187.5,2,0],[45375,0,0],[45562.5,3,0],[45750,1,281.25],[46125,3,281.25]],"altAnim":false,"bpm":160,"changeBPM":false,"mustHitSection":true},{"duetCameraSlide":0.5,"lengthInSteps":16,"typeOfSection":0,"sectionNotes":[[46875,3,0],[46500,1,0],[46500,0,0],[46687.5,2,0],[46687.5,1,0],[47250,1,0],[46875,2,0],[47062.5,1,0],[47062.5,2,0],[47250,0,0],[47437.5,2,468.75],[47437.5,3,468.75]],"altAnim":false,"bpm":160,"changeBPM":false,"mustHitSection":true},{"duetCameraSlide":0.5,"lengthInSteps":16,"typeOfSection":0,"sectionNotes":[[48000,1,0],[48187.5,1,0],[48375,2,0],[48562.5,3,281.25],[48937.5,3,0],[49125,2,0],[49312.5,0,0]],"altAnim":false,"bpm":160,"changeBPM":false,"mustHitSection":false},{"duetCameraSlide":0.5,"lengthInSteps":16,"typeOfSection":0,"sectionNotes":[[49500,1,281.25],[49875,2,281.25],[50250,3,0],[50437.5,3,0],[50625,1,281.25]],"altAnim":false,"bpm":160,"changeBPM":false,"mustHitSection":false},{"duetCameraSlide":0.5,"lengthInSteps":16,"typeOfSection":0,"sectionNotes":[[51000,0,0],[51187.5,0,0],[51375,2,0],[51562.5,2,0],[51750,3,281.25],[52125,1,281.25]],"altAnim":false,"bpm":160,"changeBPM":false,"mustHitSection":false},{"duetCameraSlide":0.5,"lengthInSteps":16,"typeOfSection":0,"sectionNotes":[[52500,0,656.25]],"altAnim":false,"bpm":160,"changeBPM":false,"mustHitSection":false},{"duetCameraSlide":0.5,"lengthInSteps":16,"typeOfSection":0,"sectionNotes":[[54000,1,0],[54187.5,1,0],[54375,2,0],[54562.5,3,281.25],[54937.5,3,0],[55125,2,0],[55312.5,0,0]],"altAnim":false,"bpm":160,"changeBPM":false,"mustHitSection":true},{"duetCameraSlide":0.5,"lengthInSteps":16,"typeOfSection":0,"sectionNotes":[[55500,1,281.25],[55875,2,281.25],[56250,3,0],[56437.5,3,0],[56625,1,281.25]],"altAnim":false,"bpm":160,"changeBPM":false,"mustHitSection":true},{"duetCameraSlide":0.5,"lengthInSteps":16,"typeOfSection":0,"sectionNotes":[[57000,3,0],[57187.5,3,0],[57375,2,0],[57562.5,2,0],[57750,3,281.25],[58125,1,281.25]],"altAnim":false,"bpm":160,"changeBPM":false,"mustHitSection":true},{"duetCameraSlide":0.5,"lengthInSteps":16,"typeOfSection":0,"sectionNotes":[[58500,0,0],[58875,1,0],[58687.5,0,0],[59062.5,1,0],[59250,2,0],[59437.5,2,0],[59625,3,0],[59812.5,3,0]],"altAnim":false,"bpm":160,"changeBPM":false,"mustHitSection":true},{"altAnim":false,"mustHitSection":true,"duetCameraSlide":0.5,"lengthInSteps":16,"typeOfSection":0,"sectionNotes":[[61125,2,0],[60000,5,1406.25],[60000,0,0],[60187.5,3,0],[60375,2,0],[60562.5,1,0],[60750,1,0],[60937.5,3,0],[61312.5,2,0]],"duetCamera":true,"changeBPM":false,"bpm":160},{"duetCameraSlide":0.5,"lengthInSteps":16,"typeOfSection":0,"sectionNotes":[[62156.25,2,0],[61500,4,1406.25],[61500,1,187.5],[61781.25,3,0],[61968.75,3,0],[62343.75,1,0],[62531.25,1,0],[62718.75,0,0],[62906.25,1,0]],"altAnim":false,"bpm":160,"changeBPM":false,"mustHitSection":true},{"duetCameraSlide":0.5,"lengthInSteps":16,"typeOfSection":0,"sectionNotes":[[63000,7,1406.25],[63093.75,3,0],[63281.25,1,0],[63468.75,0,0],[63656.25,3,281.25],[64031.25,1,187.5],[64312.5,3,0]],"altAnim":false,"bpm":160,"changeBPM":false,"mustHitSection":true},{"duetCameraSlide":0.5,"lengthInSteps":16,"typeOfSection":0,"sectionNotes":[[64500,6,1406.25],[64500,2,281.25],[64875,1,281.25],[65250,3,656.25]],"altAnim":false,"bpm":160,"changeBPM":false,"mustHitSection":true},{"altAnim":false,"mustHitSection":false,"duetCameraSlide":0.5,"lengthInSteps":16,"typeOfSection":0,"sectionNotes":[[66000,5,1406.25],[66000,0,0],[66187.5,3,0],[66375,2,0],[66562.5,1,0],[66750,1,0],[66937.5,3,0],[67125,1,0],[67312.5,2,0]],"duetCamera":false,"changeBPM":false,"bpm":160},{"altAnim":false,"mustHitSection":false,"duetCameraSlide":0.5,"lengthInSteps":16,"typeOfSection":0,"sectionNotes":[[67500,4,1406.25],[67500,1,187.5],[67781.25,3,0],[67968.75,3,0],[68156.25,3,0],[68343.75,0,0],[68531.25,0,0],[68718.75,0,0],[68906.25,1,0]],"duetCamera":false,"changeBPM":false,"bpm":160},{"duetCameraSlide":0.5,"lengthInSteps":16,"typeOfSection":0,"sectionNotes":[[69000,7,1406.25],[69093.75,3,0],[69281.25,1,0],[69468.75,0,0],[69656.25,3,281.25],[70031.25,1,187.5],[70312.5,3,0]],"altAnim":false,"bpm":160,"changeBPM":false,"mustHitSection":false},{"duetCameraSlide":0.5,"lengthInSteps":16,"typeOfSection":0,"sectionNotes":[[70500,6,1406.25],[70500,2,281.25],[70875,1,281.25],[71250,3,656.25]],"altAnim":false,"bpm":160,"changeBPM":false,"mustHitSection":false},{"altAnim":false,"mustHitSection":false,"duetCameraSlide":0.5,"lengthInSteps":16,"typeOfSection":0,"sectionNotes":[[72937.5,5,0],[72000,2,0],[72187.5,0,0],[72375,1,0],[72562.5,3,281.25],[72937.5,1,0],[73031.25,2,0],[73125,0,0],[73218.75,3,187.5],[72000,6,0],[72187.5,4,0],[72375,5,0],[72562.5,7,281.25],[73125,5,0],[73031.25,6,0],[73218.75,7,187.5]],"duetCamera":true,"changeBPM":false,"bpm":160},{"altAnim":false,"mustHitSection":true,"duetCameraSlide":0.5,"lengthInSteps":16,"typeOfSection":0,"sectionNotes":[[73875,2,0],[73875,5,0],[73500,6,0],[73687.5,5,0],[73968.75,7,187.5],[74250,6,187.5],[74531.25,4,187.5],[74812.5,5,0],[73500,2,0],[73687.5,1,0],[73968.75,3,187.5],[74250,2,0],[74531.25,0,187.5],[74812.5,1,0]],"duetCamera":true,"changeBPM":false,"bpm":160},{"altAnim":false,"mustHitSection":true,"duetCameraSlide":0.5,"lengthInSteps":16,"typeOfSection":0,"sectionNotes":[[75000,7,0],[75093.75,6,0],[75187.5,4,0],[75281.25,5,0],[75375,7,281.25],[75750,5,0],[75843.75,4,0],[75937.5,6,0],[76031.25,7,375],[75000,3,0],[75093.75,2,0],[75187.5,0,0],[75281.25,1,0],[75375,3,281.25],[75750,1,0],[75843.75,0,0],[75937.5,2,0],[76031.25,3,375]],"duetCamera":true,"changeBPM":false,"bpm":160},{"altAnim":false,"mustHitSection":true,"duetCameraSlide":0.5,"lengthInSteps":16,"typeOfSection":0,"sectionNotes":[[76500,6,0],[76687.5,5,0],[76875,7,0],[77062.5,4,0],[77250,6,0],[77437.5,7,0],[77625,5,0],[77812.5,4,0],[76500,2,0],[76687.5,1,0],[76875,3,0],[77062.5,0,0],[77250,2,0],[77437.5,3,0],[77625,1,0],[77812.5,0,0]],"duetCamera":true,"changeBPM":false,"bpm":160},{"altAnim":false,"mustHitSection":false,"duetCameraSlide":0.5,"lengthInSteps":16,"typeOfSection":0,"sectionNotes":[[78000,1,0],[78000,5,0],[78187.5,3,0],[78187.5,7,0],[78375,2,0],[78375,6,0],[78562.5,0,0],[78750,1,0],[78937.5,1,0],[78562.5,4,0],[79125,3,0],[79312.5,3,0],[78750,5,0],[78937.5,5,0],[79125,7,0],[79312.5,7,0]],"duetCamera":true,"changeBPM":false,"bpm":160},{"altAnim":false,"mustHitSection":true,"duetCameraSlide":0.5,"lengthInSteps":16,"typeOfSection":0,"sectionNotes":[[79500,6,0],[79687.5,5,0],[79875,7,0],[80062.5,4,0],[80250,5,0],[80437.5,7,0],[80625,5,281.25],[79500,2,0],[79687.5,1,0],[79875,3,0],[80062.5,0,0],[80250,1,0],[80437.5,3,0],[80625,1,281.25]],"duetCamera":true,"changeBPM":false,"bpm":160},{"altAnim":false,"mustHitSection":true,"duetCameraSlide":0.5,"lengthInSteps":16,"typeOfSection":0,"sectionNotes":[[81000,7,0],[81093.75,4,0],[81187.5,5,0],[81281.25,6,0],[81375,7,281.25],[81750,7,281.25],[82125,5,281.25],[81000,3,0],[81093.75,0,0],[81187.5,1,0],[81281.25,2,0],[81375,3,281.25],[81750,3,281.25],[82125,1,281.25]],"duetCamera":true,"changeBPM":false,"bpm":160},{"altAnim":false,"mustHitSection":true,"duetCameraSlide":0.5,"lengthInSteps":16,"typeOfSection":0,"sectionNotes":[[82500,7,0],[82593.75,4,0],[82687.5,5,0],[82781.25,6,0],[82875,7,1031.25],[82500,3,0],[82593.75,0,0],[82687.5,1,0],[82781.25,2,0],[82875,3,1031.25]],"duetCamera":true,"changeBPM":false,"bpm":160},{"sectionNotes":[[84000,1,0],[84187.5,1,0],[84375,2,281.25],[84750,3,0],[84937.5,1,0],[85125,0,281.25]],"typeOfSection":0,"lengthInSteps":16,"duetCameraSlide":0.5,"altAnim":false,"mustHitSection":false,"changeBPM":false,"bpm":160},{"sectionNotes":[[85500,2,468.75],[86250,3,281.25],[86625,1,281.25],[85500,0,468.75],[86250,2,281.25],[86625,0,281.25]],"typeOfSection":0,"lengthInSteps":16,"duetCameraSlide":0.5,"altAnim":false,"mustHitSection":false,"changeBPM":false,"bpm":160},{"sectionNotes":[[87000,3,0],[87187.5,2,0],[87375,0,0],[87562.5,3,0],[87750,1,281.25],[88125,3,281.25]],"typeOfSection":0,"lengthInSteps":16,"duetCameraSlide":0.5,"altAnim":false,"mustHitSection":false,"changeBPM":false,"bpm":160},{"sectionNotes":[[88500,1,0],[88500,0,0],[88687.5,0,0],[88687.5,1,0],[88875,1,0],[88875,2,0],[89062.5,1,0],[89062.5,2,0],[89250,0,0],[89250,2,0],[89437.5,2,468.75],[89437.5,3,468.75]],"typeOfSection":0,"lengthInSteps":16,"duetCameraSlide":0.5,"altAnim":false,"mustHitSection":false,"changeBPM":false,"bpm":160},{"sectionNotes":[[90000,1,0],[90187.5,1,0],[90375,2,281.25],[90750,3,0],[90937.5,1,0],[91125,0,281.25]],"typeOfSection":0,"lengthInSteps":16,"duetCameraSlide":0.5,"altAnim":false,"mustHitSection":true,"changeBPM":false,"bpm":160},{"sectionNotes":[[91500,1,468.75],[92250,3,281.25],[92625,1,281.25],[91500,0,468.75],[92250,2,281.25],[92625,0,281.25]],"typeOfSection":0,"lengthInSteps":16,"duetCameraSlide":0.5,"altAnim":false,"mustHitSection":true,"changeBPM":false,"bpm":160},{"sectionNotes":[[93000,3,0],[93187.5,2,0],[93375,0,0],[93562.5,3,0],[93750,1,281.25],[94125,3,281.25]],"typeOfSection":0,"lengthInSteps":16,"duetCameraSlide":0.5,"altAnim":false,"mustHitSection":true,"changeBPM":false,"bpm":160},{"sectionNotes":[[94687.5,2,0],[94500,1,0],[94500,0,0],[94875,3,0],[94687.5,1,0],[95250,1,0],[94875,2,0],[95062.5,1,0],[95062.5,2,0],[95250,0,0],[95437.5,2,468.75],[95437.5,3,468.75]],"typeOfSection":0,"lengthInSteps":16,"duetCameraSlide":0.5,"altAnim":false,"mustHitSection":true,"changeBPM":false,"bpm":160},{"sectionNotes":[[96000,2,0],[96187.5,1,0],[96375,0,0],[96562.5,3,0],[96750,0,0],[96843.75,1,0],[96937.5,2,0],[97031.25,3,0],[97125,0,0],[97218.75,1,0],[97312.5,2,0],[97406.25,3,0]],"typeOfSection":0,"lengthInSteps":16,"duetCameraSlide":0.5,"altAnim":false,"mustHitSection":false,"changeBPM":false,"bpm":160},{"sectionNotes":[[97500,0,0],[97687.5,1,0],[97875,2,0],[98062.5,3,0],[98250,1,0],[98437.5,2,0],[98625,1,281.25]],"typeOfSection":0,"lengthInSteps":16,"duetCameraSlide":0.5,"altAnim":false,"mustHitSection":false,"changeBPM":false,"bpm":160},{"sectionNotes":[[99000,3,281.25],[99375,1,281.25],[99750,3,281.25],[100125,2,281.25]],"typeOfSection":0,"lengthInSteps":16,"duetCameraSlide":0.5,"altAnim":false,"mustHitSection":false,"changeBPM":false,"bpm":160},{"sectionNotes":[[100500,0,281.25],[100875,1,281.25],[101250,3,281.25],[101625,2,656.25]],"typeOfSection":0,"lengthInSteps":16,"duetCameraSlide":0.5,"altAnim":false,"mustHitSection":false,"changeBPM":false,"bpm":160},{"sectionNotes":[[102937.5,3,0],[102000,2,0],[102187.5,1,0],[102375,0,0],[102562.5,3,0],[102750,0,0],[102843.75,1,0],[103031.25,2,0],[103125,1,0],[103218.75,0,0],[103312.5,2,0],[103406.25,3,0]],"typeOfSection":0,"lengthInSteps":16,"duetCameraSlide":0.5,"altAnim":false,"mustHitSection":true,"changeBPM":false,"bpm":160},{"sectionNotes":[[103500,0,0],[103687.5,1,0],[103875,2,0],[104062.5,3,0],[104250,1,0],[104437.5,2,0],[104625,1,281.25]],"typeOfSection":0,"lengthInSteps":16,"duetCameraSlide":0.5,"altAnim":false,"mustHitSection":true,"changeBPM":false,"bpm":160},{"sectionNotes":[[105000,3,281.25],[105375,1,281.25],[105750,3,281.25],[106125,2,281.25]],"typeOfSection":0,"lengthInSteps":16,"duetCameraSlide":0.5,"altAnim":false,"mustHitSection":true,"changeBPM":false,"bpm":160},{"sectionNotes":[[106500,0,1406.25]],"typeOfSection":0,"lengthInSteps":16,"duetCameraSlide":0.5,"altAnim":false,"mustHitSection":true,"changeBPM":false,"bpm":160},{"sectionNotes":[[108000,1,0],[108187.5,1,0],[108375,2,281.25],[108750,3,0],[108937.5,1,0],[109125,0,281.25]],"typeOfSection":0,"lengthInSteps":16,"duetCameraSlide":0.5,"altAnim":false,"mustHitSection":false,"changeBPM":false,"bpm":160},{"sectionNotes":[[109500,2,468.75],[110250,3,281.25],[110625,1,281.25],[109500,0,468.75],[110250,2,281.25],[110625,0,281.25]],"typeOfSection":0,"lengthInSteps":16,"duetCameraSlide":0.5,"altAnim":false,"mustHitSection":false,"changeBPM":false,"bpm":160},{"sectionNotes":[[111000,3,0],[111187.5,2,0],[111375,0,0],[111562.5,3,0],[111750,1,281.25],[112125,3,281.25]],"typeOfSection":0,"lengthInSteps":16,"duetCameraSlide":0.5,"altAnim":false,"mustHitSection":false,"changeBPM":false,"bpm":160},{"sectionNotes":[[112500,1,0],[112500,0,0],[112687.5,0,0],[112687.5,1,0],[112875,1,0],[112875,2,0],[113062.5,1,0],[113062.5,2,0],[113250,0,0],[113250,2,0],[113437.5,2,468.75],[113437.5,3,468.75]],"typeOfSection":0,"lengthInSteps":16,"duetCameraSlide":0.5,"altAnim":false,"mustHitSection":false,"changeBPM":false,"bpm":160},{"sectionNotes":[[114000,1,0],[114187.5,1,0],[114375,2,281.25],[114750,3,0],[114937.5,1,0],[115125,0,281.25]],"typeOfSection":0,"lengthInSteps":16,"duetCameraSlide":0.5,"altAnim":false,"mustHitSection":true,"changeBPM":false,"bpm":160},{"sectionNotes":[[115500,1,468.75],[115500,2,468.75],[116250,3,281.25],[116625,1,281.25],[116250,2,281.25],[116625,0,281.25]],"typeOfSection":0,"lengthInSteps":16,"duetCameraSlide":0.5,"altAnim":false,"mustHitSection":true,"changeBPM":false,"bpm":160},{"sectionNotes":[[117000,3,0],[117187.5,2,0],[117375,0,0],[117562.5,3,0],[117750,1,281.25],[118125,3,281.25]],"typeOfSection":0,"lengthInSteps":16,"duetCameraSlide":0.5,"altAnim":false,"mustHitSection":true,"changeBPM":false,"bpm":160},{"sectionNotes":[[118687.5,2,0],[118500,1,0],[118500,0,0],[118875,3,0],[118687.5,1,0],[119250,1,0],[118875,2,0],[119062.5,1,0],[119062.5,2,0],[119250,0,0],[119437.5,2,468.75],[119437.5,3,468.75]],"typeOfSection":0,"lengthInSteps":16,"duetCameraSlide":0.5,"altAnim":false,"mustHitSection":true,"changeBPM":false,"bpm":160},{"altAnim":false,"mustHitSection":true,"duetCameraSlide":0.5,"lengthInSteps":16,"typeOfSection":0,"sectionNotes":[[120000,0,1406.25],[120000,4,1406.25]],"duetCamera":true,"bpm":160,"changeBPM":false},{"sectionNotes":[],"typeOfSection":0,"lengthInSteps":16,"duetCameraSlide":0.5,"altAnim":false,"mustHitSection":true,"changeBPM":false,"bpm":160},{"sectionNotes":[],"typeOfSection":0,"lengthInSteps":16,"duetCameraSlide":0.5,"altAnim":false,"mustHitSection":false,"changeBPM":false,"bpm":160},{"sectionNotes":[],"typeOfSection":0,"lengthInSteps":16,"duetCameraSlide":0.5,"altAnim":false,"mustHitSection":true,"changeBPM":false,"bpm":160},{"sectionNotes":[],"typeOfSection":0,"lengthInSteps":16,"duetCameraSlide":0.5,"altAnim":false,"mustHitSection":false,"changeBPM":false,"bpm":160},{"sectionNotes":[],"typeOfSection":0,"lengthInSteps":16,"duetCameraSlide":0.5,"altAnim":false,"mustHitSection":true,"changeBPM":false,"bpm":160},{"sectionNotes":[],"typeOfSection":0,"lengthInSteps":16,"duetCameraSlide":0.5,"altAnim":false,"mustHitSection":false,"changeBPM":false,"bpm":160},{"sectionNotes":[],"typeOfSection":0,"lengthInSteps":16,"duetCameraSlide":0.5,"altAnim":false,"mustHitSection":true,"changeBPM":false,"bpm":160},{"sectionNotes":[],"typeOfSection":0,"lengthInSteps":16,"duetCameraSlide":0.5,"altAnim":false,"mustHitSection":false,"changeBPM":false,"bpm":160},{"sectionNotes":[],"typeOfSection":0,"lengthInSteps":16,"duetCameraSlide":0.5,"altAnim":false,"mustHitSection":true,"changeBPM":false,"bpm":160},null,null,null,null,null,null,null,null,null,null,null,null,null,null,null,null,null,null,null,null,null,null,null,null,null,null,null,null,null,null,null,null,null,null,null,null,null,null,null,null,null,null,null,null,null,null,null,null,null,null,null,null,null,null,null,null,null,null,null,null,null,null,null,null,null,null,null,null,null,null,null,null,null,null,null,null,null,null,null,null,null,null,null,null,null,null,null,null,null,null,null,null,null,null,null,null,null,null,null,null,null,null,null,null,null,null,null,null,null,null,null,null,null,null,null,null,null,null,null,null,null,null,null,null,null,null,null,null,null,null,null,null,null,null,null,null,null,null,null,null,null,null,null,null,null,null,null,null,null,null,null,null,null,null,null,null,null,null,null,null,null,null,null,null,null,null,null,null,null,null,null,null,null,null,null,null,null,null,null,null,null,null,null,null,null,null,null,null,null,null,null,null,null,null,null,null,null,null,null,null,null,null,null,null,null,null,null,null,null,null,null,null,null,null,null,null,null,null,null,null,null,null,null,null,null,null,null,null,null,null,null,null,null,null,null,null,null,null,null,null,null,null,null,null,null,null,null,null,null,null,null,null,null,null,null,null,null,null,null,null,null,null,null,null,null,null,null,null,null,null,null,null,null,null,null,null,null,null,null,null,null,null,null,null,null,null,null,null,null,null,null,null,null,null,null,null,null,null,null,null,null,null,null,null,null,null,null,null,null,null,null,null,null,null,null,null,null,null,null,null,null,null,null,null,null,null,null,null,null,null,null,null,null,null,null,null,null,null,null,null,null,null,null,null,null,null,null,null,null,null,null,null,null,null,null,null,null,null,null,null,null,null,null,null,null,null,null,null,null,null,null,null,null,null,null,null,null,null,null,null,null,null,null,null,null,null,null,null,null,null,null,null,null,null,null,null,null,null,null,null,null,null,null,null,null,null,null,null,null,null,null,null,null,null,null,null,null,null,null,null,null,null,null,null,null,null,null,null,null,null,null,null,null,null,null,null,null,null,null,null,null,null,null,null,null,null,null,null,null,null,null,null,null,null,null,null,null,null,null,null,null,null,null,null,null,null,null,null,null,null,null,null,null,null,null,null,null,null,null,null,null,null,null,null,null,null,null,null,null,null,null,null,null,null,null,null,null,null,null,null,null,null,null,null,null,null,null,null,null,null,null,null,null,null,null,null,null,null,null,null,null,null,null,null,null,null,null,null,null,null,null,null,null,null,null,null,null,null,null,null,null,null,null,null,null,null,null,null,null,null,null,null,null,null,null,null,null,null,null,null,null,null,null,null,null,null,null,null,null,null,null,null,null,null,null,null,null,null,null,null,null,null,null,null,null,null,null,null,null,null,null,null,null,null,null,null,null,null,null,null,null,null,null,null,null,null,null,null,null,null,null,null,null,null,null,null,null,null,null,null,null,null,null,null,null,null,null,null,null,null,null,null,null,null,null,null,null,null,null,null,null,null,null,null,null,null,null,null,null,null,null,null,null,null,null,null,null,null,null,null,{"lengthInSteps":16,"typeOfSection":0,"sectionNotes":[],"altAnim":false,"bpm":160,"changeBPM":false,"mustHitSection":true},null,null,null,null,{"lengthInSteps":16,"typeOfSection":0,"sectionNotes":[],"altAnim":false,"bpm":160,"changeBPM":false,"mustHitSection":true},null,null,null,null,null,{"lengthInSteps":16,"typeOfSection":0,"sectionNotes":[],"altAnim":false,"bpm":160,"changeBPM":false,"mustHitSection":true},null,null,null,null,null,null,null,null,null,null,null,{"lengthInSteps":16,"typeOfSection":0,"sectionNotes":[],"altAnim":false,"bpm":160,"changeBPM":false,"mustHitSection":true},null,null,null,null,null,null,null,null,null,null,null,{"lengthInSteps":16,"typeOfSection":0,"sectionNotes":[],"altAnim":false,"bpm":160,"changeBPM":false,"mustHitSection":true},null,null,null,null,null,null,null,null,null,null,{"lengthInSteps":16,"typeOfSection":0,"sectionNotes":[],"altAnim":false,"bpm":160,"changeBPM":false,"mustHitSection":true},null,null,null,null,null,{"lengthInSteps":16,"typeOfSection":0,"sectionNotes":[],"altAnim":false,"bpm":160,"changeBPM":false,"mustHitSection":true},null,null,null,null,null,{"lengthInSteps":16,"typeOfSection":0,"sectionNotes":[],"altAnim":false,"bpm":160,"changeBPM":false,"mustHitSection":true},null,null,null,null,null,null,null,null,null,null,null,{"lengthInSteps":16,"typeOfSection":0,"sectionNotes":[],"altAnim":false,"bpm":160,"changeBPM":false,"mustHitSection":true},null,null,null,null,null,null,null,null,null,null,null,{"lengthInSteps":16,"typeOfSection":0,"sectionNotes":[],"altAnim":false,"bpm":160,"changeBPM":false,"mustHitSection":true},null,null,null,null,null,null,null,null,null,null,{"lengthInSteps":16,"typeOfSection":0,"sectionNotes":[],"altAnim":false,"bpm":160,"changeBPM":false,"mustHitSection":true},null,null,null,null,null,null,null,null,null,null,null,{"lengthInSteps":16,"typeOfSection":0,"sectionNotes":[],"altAnim":false,"bpm":160,"changeBPM":false,"mustHitSection":true},null,null,null,null,null,{"lengthInSteps":16,"typeOfSection":0,"sectionNotes":[],"altAnim":false,"bpm":160,"changeBPM":false,"mustHitSection":true},null,null,null,null,null,null,null,null,null,null,null,null,null,null,null,null,{"lengthInSteps":16,"typeOfSection":0,"sectionNotes":[],"altAnim":false,"bpm":160,"changeBPM":false,"mustHitSection":true},null,null,null,null,null,null,null,null,null,null,null,null,null,null,null,null,null,{"lengthInSteps":16,"typeOfSection":0,"sectionNotes":[],"altAnim":false,"bpm":160,"changeBPM":false,"mustHitSection":true},null,null,null,null,null,null,null,null,null,null,null,null,null,null,null,null,null,{"lengthInSteps":16,"typeOfSection":0,"sectionNotes":[],"altAnim":false,"bpm":160,"changeBPM":false,"mustHitSection":true},null,null,null,null,null,null,null,null,null,null,{"lengthInSteps":16,"typeOfSection":0,"sectionNotes":[],"altAnim":false,"bpm":160,"changeBPM":false,"mustHitSection":true},null,null,null,null,null,null,null,null,null,null,null,{"lengthInSteps":16,"typeOfSection":0,"sectionNotes":[],"altAnim":false,"bpm":160,"changeBPM":false,"mustHitSection":true},null,null,null,null,null,null,null,null,null,null,null,{"lengthInSteps":16,"typeOfSection":0,"sectionNotes":[],"altAnim":false,"bpm":160,"changeBPM":false,"mustHitSection":true},null,null,null,null,null,null,null,null,null,null,{"lengthInSteps":16,"typeOfSection":0,"sectionNotes":[],"altAnim":false,"bpm":160,"changeBPM":false,"mustHitSection":true},null,null,null,null,null,null,null,null,null,null,null,{"lengthInSteps":16,"typeOfSection":0,"sectionNotes":[],"altAnim":false,"bpm":160,"changeBPM":false,"mustHitSection":true},null,null,null,null,null,null,null,null,null,null,null,{"lengthInSteps":16,"typeOfSection":0,"sectionNotes":[],"altAnim":false,"bpm":160,"changeBPM":false,"mustHitSection":true},null,null,null,null,null,null,null,null,null,null,null,{"lengthInSteps":16,"typeOfSection":0,"sectionNotes":[],"altAnim":false,"bpm":160,"changeBPM":false,"mustHitSection":true},null,null,null,null,null,null,null,null,null,null,{"lengthInSteps":16,"typeOfSection":0,"sectionNotes":[],"altAnim":false,"bpm":160,"changeBPM":false,"mustHitSection":true},null,null,null,null,null,null,null,null,null,null,null,null,null,null,null,null,null,null,null,null,null,null,null,null,null,null,null,null,null,null,null,null,null,null,null,null,null,null,null,null,null,null,null,null,null,null,null,null,null,null,null,null,null,null,null,null,null,null,null,null,null,null,null,null,null,null,null,null,null,null,null,null,null,null,null,null,null,null,null,null,null,null,null,null,null,null,null,null,null,null,null,null,null,null,null,null,null,null,null,null,null,null,null,null,null,null,null,null,null,null,null,null,null,null,null,null,null,null,null,null,null,null,null,null,null,null,null,null,null,null,null,null,null,null,null,null,null,null,null,null,null,null,null,null,null,null,null,null,null,null,null,null,null,null,null,null,null,null,null,null,null,null,null,{"lengthInSteps":16,"altAnim":false,"typeOfSection":0,"sectionNotes":[],"bpm":160,"changeBPM":false,"mustHitSection":true},null,null,null,null,null,null,null,null,null,null,null,null,null,null,null,null,null,null,null,null,null,null,null,null,null,null,null,null,null,null,null,null,null,null,null,{"lengthInSteps":16,"altAnim":false,"typeOfSection":0,"sectionNotes":[],"bpm":160,"changeBPM":false,"mustHitSection":true},null,null,null,null,null,null,null,null,null,null,{"lengthInSteps":16,"altAnim":false,"typeOfSection":0,"sectionNotes":[],"bpm":160,"changeBPM":false,"mustHitSection":true},null,null,null,null,null,null,null,null,null,null,null,null,null,null,null,null,null,null,null,null,null,null,null,null,null,null,null,null,null,null,null,null,null,null,null,null,null,null,null,null,null,null,null,null,null,null,null,null,null,null,null,null,null,null,null,null,null,null,null,null,null,null,null,null,null,null,null,null,null,null,null,null,null,null,null,null,null,null,null,null,null,null,null,null,null,null,null,null,null,null,null,null,null,null,null,null,null,null,null,null,null,null,null,null,null,null,null,null,null,null,null,null,null,null,null,null,null,null,null,null,null,null,null,null,null,null,null,null,null,null,null,null,null,null,null,null,null,null,null,null,{"lengthInSteps":16,"altAnim":false,"typeOfSection":0,"sectionNotes":[],"bpm":160,"changeBPM":false,"mustHitSection":true},null,null,null,null,null,null,null,null,null,null,null,{"lengthInSteps":16,"altAnim":false,"typeOfSection":0,"sectionNotes":[],"bpm":160,"changeBPM":false,"mustHitSection":true},null,null,null,null,null,null,null,null,null,null,{"lengthInSteps":16,"typeOfSection":0,"sectionNotes":[],"altAnim":false,"bpm":160,"changeBPM":false,"mustHitSection":true},null,null,null,null,null,null,null,null,null,null,null,null,null,null,null,null,null,null,null,null,null,null,null,{"lengthInSteps":16,"typeOfSection":0,"sectionNotes":[],"altAnim":false,"bpm":160,"changeBPM":false,"mustHitSection":true},null,null,null,null,null,null,null,null,null,null,null,null,null,null,null,null,null,null,null,null,null,null,{"lengthInSteps":16,"typeOfSection":0,"sectionNotes":[],"altAnim":false,"bpm":160,"changeBPM":false,"mustHitSection":true},null,null,null,null,null,null,null,null,null,null,null,null,null,null,null,null,null,null,null,null,null,null,null,{"lengthInSteps":16,"typeOfSection":0,"sectionNotes":[],"altAnim":false,"bpm":160,"changeBPM":false,"mustHitSection":true},null,null,null,null,null,null,null,null,null,null,null,null,null,null,null,null,null,null,null,null,null,null,null,null,null,null,null,null,null,null,null,null,null,null,null,null,null,null,null,null,null,null,null,null,null,null,{"lengthInSteps":16,"typeOfSection":0,"sectionNotes":[],"altAnim":false,"bpm":160,"changeBPM":false,"mustHitSection":true},null,null,null,null,null,null,null,null,null,null,{"lengthInSteps":16,"typeOfSection":0,"sectionNotes":[],"altAnim":false,"bpm":160,"changeBPM":false,"mustHitSection":true},null,null,null,null,null,null,null,null,null,null,null,{"lengthInSteps":16,"typeOfSection":0,"sectionNotes":[],"altAnim":false,"bpm":160,"changeBPM":false,"mustHitSection":true},null,null,null,null,null,null,null,null,null,null,null,{"lengthInSteps":16,"typeOfSection":0,"sectionNotes":[],"altAnim":false,"bpm":160,"changeBPM":false,"mustHitSection":true},null,null,null,null,null,null,null,null,null,null,{"lengthInSteps":16,"typeOfSection":0,"sectionNotes":[],"altAnim":false,"bpm":160,"changeBPM":false,"mustHitSection":true},null,null,null,null,null,null,null,null,null,null,null,{"lengthInSteps":16,"typeOfSection":0,"sectionNotes":[],"altAnim":false,"bpm":160,"changeBPM":false,"mustHitSection":true},null,null,null,null,null,null,null,null,null,null,null,{"lengthInSteps":16,"typeOfSection":0,"sectionNotes":[],"altAnim":false,"bpm":160,"changeBPM":false,"mustHitSection":true},null,null,null,null,null,null,null,null,null,null,null,{"lengthInSteps":16,"typeOfSection":0,"sectionNotes":[],"altAnim":false,"bpm":160,"changeBPM":false,"mustHitSection":true},null,null,null,null,null,null,null,null,null,null,{"lengthInSteps":16,"typeOfSection":0,"sectionNotes":[],"altAnim":false,"bpm":160,"changeBPM":false,"mustHitSection":true},null,null,null,null,null,null,null,null,null,null,null,{"lengthInSteps":16,"typeOfSection":0,"sectionNotes":[],"altAnim":false,"bpm":160,"changeBPM":false,"mustHitSection":true},null,null,null,null,null,{"lengthInSteps":16,"typeOfSection":0,"sectionNotes":[],"altAnim":false,"bpm":160,"changeBPM":false,"mustHitSection":true},null,null,null,null,null,null,null,null,null,null,null,{"lengthInSteps":16,"typeOfSection":0,"sectionNotes":[],"altAnim":false,"bpm":160,"changeBPM":false,"mustHitSection":true},null,null,null,null,null,null,null,null,null,null,{"lengthInSteps":16,"typeOfSection":0,"sectionNotes":[],"altAnim":false,"bpm":160,"changeBPM":false,"mustHitSection":true},null,null,null,null,null,null,null,null,null,null,null,{"lengthInSteps":16,"typeOfSection":0,"sectionNotes":[],"altAnim":false,"bpm":160,"changeBPM":false,"mustHitSection":true},null,null,null,null,null,null,null,null,null,null,null,{"lengthInSteps":16,"typeOfSection":0,"sectionNotes":[],"altAnim":false,"bpm":160,"changeBPM":false,"mustHitSection":true},null,null,null,null,null,null,null,null,null,null,{"lengthInSteps":16,"typeOfSection":0,"sectionNotes":[],"altAnim":false,"bpm":160,"changeBPM":false,"mustHitSection":true},null,null,null,null,null,null,null,null,null,null,null,{"lengthInSteps":16,"typeOfSection":0,"sectionNotes":[],"altAnim":false,"bpm":160,"changeBPM":false,"mustHitSection":true},null,null,null,null,null,null,null,null,null,null,null,{"lengthInSteps":16,"typeOfSection":0,"sectionNotes":[],"altAnim":false,"bpm":160,"changeBPM":false,"mustHitSection":true},null,null,null,null,null,null,null,null,null,null,null,{"lengthInSteps":16,"typeOfSection":0,"sectionNotes":[],"altAnim":false,"bpm":160,"changeBPM":false,"mustHitSection":true},null,null,null,null,null,null,null,null,null,null,{"lengthInSteps":16,"typeOfSection":0,"sectionNotes":[],"altAnim":false,"bpm":160,"changeBPM":false,"mustHitSection":true},null,null,null,null,null,null,null,null,null,null,null,{"lengthInSteps":16,"typeOfSection":0,"sectionNotes":[],"altAnim":false,"bpm":160,"changeBPM":false,"mustHitSection":true},null,null,null,null,null,null,null,null,null,null,null,null,null,null,null,null,null,null,null,null,null,null,{"lengthInSteps":16,"typeOfSection":0,"sectionNotes":[],"altAnim":false,"bpm":160,"changeBPM":false,"mustHitSection":true},null,null,null,null,null,null,null,null,null,null,null,null,null,null,null,null,null,{"lengthInSteps":16,"typeOfSection":0,"sectionNotes":[],"altAnim":false,"bpm":160,"changeBPM":false,"mustHitSection":true},null,null,null,null,null,null,null,null,null,null,null,{"lengthInSteps":16,"typeOfSection":0,"sectionNotes":[],"altAnim":false,"bpm":160,"changeBPM":false,"mustHitSection":true},null,null,null,null,null,null,null,null,null,null,null,null,null,null,null,null,null,null,null,null,null,null,{"lengthInSteps":16,"typeOfSection":0,"sectionNotes":[],"altAnim":false,"bpm":160,"changeBPM":false,"mustHitSection":true},null,null,null,null,null,null,null,null,null,null,null,null,null,null,null,null,null,null,null,null,null,null,null,{"lengthInSteps":16,"typeOfSection":0,"sectionNotes":[],"altAnim":false,"bpm":160,"changeBPM":false,"mustHitSection":true},null,null,null,null,null,null,null,null,null,null,null,null,null,null,null,null,null,null,null,null,null,null,null,null,null,null,null,null,null,null,null,null,null,null,null,null,null,null,null,null,null,null,null,null,null,null,null,null,null,null,null,null,null,null,null,null,null,null,null,null,null,null,null,null,null,null,null,null,null,null,null,null,null,null,null,null,null,null,null,null,null,null,null,null,null,null,null,null,null,null,null,null,null,null,null,null,null,null,null,null,null,null,null,null,null,null,null,null,null,null,null,null,null,null,null,null,null,null,null,null,null,null,null,null,null,null,null,null,null,null,null,null,null,null,null,null,null,null,null,null,null,null,null,null,null,null,null,null,null,null,null,null,null,null,null,null,null,null,null,null,null,null,null,null,null,null,null,null,null,null,null,null,null,null,null,null,null,null,null,null,null,null,null,null,null,null,null,null,null,null,null,null,null,null,null,null,null,null,null,null,null,null,null,null,{"lengthInSteps":16,"altAnim":false,"typeOfSection":0,"sectionNotes":[],"bpm":160,"changeBPM":false,"mustHitSection":true},null,null,null,null,null,null,null,null,null,null,null,null,null,null,null,null,null,null,null,null,null,null,null,null,null,null,null,null,null,null,null,null,null,null,null,null,null,null,null,null,null,null,null,null,null,null,null,null,null,null,null,null,null,null,null,null,null,null,null,null,null,null,null,null,null,null,null,null,null,null,null,null,null,null,null,null,null,null,null,null,null,null,null,null,null,null,null,null,null,null,null,null,null,null,null,null,null,null,null,null,null,null,null,null,null,null,null,null,null,null,null,null,null,null,null,null,null,null,null,null,null,null,null,null,null,null,null,null,null,null,null,null,null,null,null,null,null,null,null,null,null,null,null,null,null,null,null,null,null,null,null,null,null,null,null,null,null,null,null,null,null,null,null,null,null,null,null,null,null,null,null,null,null,null,null,null,null,null,null,null,null,null,null,null,null,null,null,null,null,null,null,null,null,null,null,null,null,null,null,null,null,null,null,null,null,null,null,null,null,null,null,null,null,null,null,null,{"lengthInSteps":16,"typeOfSection":0,"sectionNotes":[],"altAnim":false,"bpm":160,"changeBPM":false,"mustHitSection":true},null,null,null,null,null,null,null,null,null,null,{"lengthInSteps":16,"typeOfSection":0,"sectionNotes":[],"altAnim":false,"bpm":160,"changeBPM":false,"mustHitSection":true},null,null,null,null,null,null,null,null,null,null,null,{"lengthInSteps":16,"typeOfSection":0,"sectionNotes":[],"altAnim":false,"bpm":160,"changeBPM":false,"mustHitSection":true},null,null,null,null,null,null,null,null,null,null,null,null,null,null,null,null,null,{"lengthInSteps":16,"typeOfSection":0,"sectionNotes":[],"altAnim":false,"bpm":160,"changeBPM":false,"mustHitSection":true},null,null,null,null,{"lengthInSteps":16,"typeOfSection":0,"sectionNotes":[],"altAnim":false,"bpm":160,"changeBPM":false,"mustHitSection":true},null,null,null,null,null,null,null,null,null,null,null,{"lengthInSteps":16,"typeOfSection":0,"sectionNotes":[],"altAnim":false,"bpm":160,"changeBPM":false,"mustHitSection":true},null,null,null,null,null,null,null,null,null,null,null,{"lengthInSteps":16,"typeOfSection":0,"sectionNotes":[],"altAnim":false,"bpm":160,"changeBPM":false,"mustHitSection":true},null,null,null,null,null,null,null,null,null,null,null,null,null,null,null,null,null,null,null,null,null,null,{"lengthInSteps":16,"typeOfSection":0,"sectionNotes":[],"altAnim":false,"bpm":160,"changeBPM":false,"mustHitSection":true},null,null,null,null,null,null,null,null,null,null,null,null,null,null,null,null,null,null,null,null,null,null,null,null,null,null,null,null,null,null,null,null,null,null,null,null,null,null,null,null,null,null,null,null,null,null,{"lengthInSteps":16,"typeOfSection":0,"sectionNotes":[],"altAnim":false,"bpm":160,"changeBPM":false,"mustHitSection":true},null,null,null,null,null,null,null,null,null,null,null,null,null,null,null,null,null,null,null,null,null,null,null,{"lengthInSteps":16,"typeOfSection":0,"sectionNotes":[],"altAnim":false,"bpm":160,"changeBPM":false,"mustHitSection":true},null,null,null,null,null,null,null,null,null,null,null,null,null,null,null,null,null,null,null,null,null,null,{"lengthInSteps":16,"typeOfSection":0,"sectionNotes":[],"altAnim":false,"bpm":160,"changeBPM":false,"mustHitSection":true},null,null,null,null,null,null,null,null,null,null,null,{"lengthInSteps":16,"typeOfSection":0,"sectionNotes":[],"altAnim":false,"bpm":160,"changeBPM":false,"mustHitSection":true},null,null,null,null,null,null,null,null,null,null,{"lengthInSteps":16,"typeOfSection":0,"sectionNotes":[],"altAnim":false,"bpm":160,"changeBPM":false,"mustHitSection":true},null,null,null,null,null,null,null,null,null,null,null,{"lengthInSteps":16,"typeOfSection":0,"sectionNotes":[],"altAnim":false,"bpm":160,"changeBPM":false,"mustHitSection":true},null,null,null,null,null,null,null,null,null,null,null,{"lengthInSteps":16,"typeOfSection":0,"sectionNotes":[],"altAnim":false,"bpm":160,"changeBPM":false,"mustHitSection":true},null,null,null,null,null,null,null,null,null,null,null,null,null,null,null,null,null,null,null,null,null,null,{"lengthInSteps":16,"typeOfSection":0,"sectionNotes":[],"altAnim":false,"bpm":160,"changeBPM":false,"mustHitSection":true},null,null,null,null,null,null,null,null,null,null,null,null,null,null,null,null,null,null,null,null,null,null,null,{"lengthInSteps":16,"typeOfSection":0,"sectionNotes":[],"altAnim":false,"bpm":160,"changeBPM":false,"mustHitSection":true},null,null,null,null,null,null,null,null,null,null,{"lengthInSteps":16,"typeOfSection":0,"sectionNotes":[],"altAnim":false,"bpm":160,"changeBPM":false,"mustHitSection":true},null,null,null,null,null,null,null,null,null,null,null,{"lengthInSteps":16,"typeOfSection":0,"sectionNotes":[],"altAnim":false,"bpm":160,"changeBPM":false,"mustHitSection":true},null,null,null,null,null,null,null,null,null,null,null,{"lengthInSteps":16,"typeOfSection":0,"sectionNotes":[],"altAnim":false,"bpm":160,"changeBPM":false,"mustHitSection":true},null,null,null,null,null,null,null,null,null,null,null,{"lengthInSteps":16,"typeOfSection":0,"sectionNotes":[],"altAnim":false,"bpm":160,"changeBPM":false,"mustHitSection":true},null,null,null,null,null,null,null,null,null,null,{"lengthInSteps":16,"typeOfSection":0,"sectionNotes":[],"altAnim":false,"bpm":160,"changeBPM":false,"mustHitSection":true},null,null,null,null,null,null,null,null,null,null,null,null,null,null,null,null,null,null,null,null,null,null,null,null,null,null,null,null,null,null,null,null,null,null,null,null,null,null,null,null,null,null,null,null,null,null,null,null,null,null,null,null,null,null,null,null,null,null,null,null,null,null,null,null,null,null,null,null,null,null,null,null,null,null,null,null,null,null,null,null,null,null,null,null,null,null,null,null,null,null,null,null,null,null,null,null,null,null,null,null,null,null,null,null,null,null,null,null,null,null,null,null,null,null,null,null,null,null,null,null,null,null,null,null,null,null,null,null,{"lengthInSteps":16,"typeOfSection":0,"sectionNotes":[],"altAnim":false,"bpm":160,"changeBPM":false,"mustHitSection":true},null,null,null,null,null,null,null,null,null,null,null,null,null,null,null,null,null,null,null,null,null,null,null,null,null,null,null,null,null,null,null,null,null,null,{"lengthInSteps":16,"altAnim":false,"typeOfSection":0,"sectionNotes":[],"bpm":160,"changeBPM":false,"mustHitSection":true},null,null,null,null,null,{"lengthInSteps":16,"altAnim":false,"typeOfSection":0,"sectionNotes":[],"bpm":160,"changeBPM":false,"mustHitSection":true},null,null,null,null,null,{"lengthInSteps":16,"altAnim":false,"typeOfSection":0,"sectionNotes":[],"bpm":160,"changeBPM":false,"mustHitSection":true},null,null,null,null,null,null,null,null,null,null,null,null,null,null,null,null,null,{"lengthInSteps":16,"altAnim":false,"typeOfSection":0,"sectionNotes":[],"bpm":160,"changeBPM":false,"mustHitSection":true},null,null,null,null,null,null,null,null,null,null,null,null,null,null,null,null,null,null,null,null,null,null,null,null,null,null,null,null,null,null,null,null,null,null,null,null,null,null,null,null,null,null,null,null,null,null,null,null,null,null,null,null,null,null,null,null,null,null,null,null,null,null,null,null,null,null,null,null,null,null,null,null,null,null,null,null,null,null,null,null,null,null,null,null,null,null,null,null,null,null,null,null,null,null,null,null,null,null,null,null,null,null,null,null,null,null,null,null,null,null,null,null,null,null,null,null,null,null,null,null,null,null,null,null,null,null,null,null,null,null,null,null,null,{"lengthInSteps":16,"altAnim":false,"typeOfSection":0,"sectionNotes":[],"bpm":160,"changeBPM":false,"mustHitSection":true},null,null,null,null,null,null,null,null,null,null,null,{"lengthInSteps":16,"altAnim":false,"typeOfSection":0,"sectionNotes":[],"bpm":160,"changeBPM":false,"mustHitSection":true},null,null,null,null,null,null,null,null,null,null,null,null,null,null,null,null,null,null,null,null,null,null,null,{"lengthInSteps":16,"altAnim":false,"typeOfSection":0,"sectionNotes":[],"bpm":160,"changeBPM":false,"mustHitSection":true},null,null,null,null,null,null,null,null,null,null,null,null,null,null,null,null,null,null,null,null,null,null,null,null,null,null,null,null,null,null,null,null,null,null,null,null,null,null,null,null,null,null,null,null,null,null,{"lengthInSteps":16,"typeOfSection":0,"sectionNotes":[],"altAnim":false,"bpm":160,"changeBPM":false,"mustHitSection":true},null,null,null,null,null,null,null,null,null,null,{"lengthInSteps":16,"typeOfSection":0,"sectionNotes":[],"altAnim":false,"bpm":160,"changeBPM":false,"mustHitSection":true},null,null,null,null,null,null,null,null,null,null,null,{"lengthInSteps":16,"typeOfSection":0,"sectionNotes":[],"altAnim":false,"bpm":160,"changeBPM":false,"mustHitSection":true},null,null,null,null,null,null,null,null,null,null,null,{"lengthInSteps":16,"typeOfSection":0,"sectionNotes":[],"altAnim":false,"bpm":160,"changeBPM":false,"mustHitSection":true},null,null,null,null,null,null,null,null,null,null,null,null,null,null,null,null,null,null,null,null,null,null,{"lengthInSteps":16,"typeOfSection":0,"sectionNotes":[],"altAnim":false,"bpm":160,"changeBPM":false,"mustHitSection":true},null,null,null,null,null,null,null,null,null,null,null,{"lengthInSteps":16,"typeOfSection":0,"sectionNotes":[],"altAnim":false,"bpm":160,"changeBPM":false,"mustHitSection":true},null,null,null,null,null,null,null,null,null,null,null,{"lengthInSteps":16,"typeOfSection":0,"sectionNotes":[],"altAnim":false,"bpm":160,"changeBPM":false,"mustHitSection":true},null,null,null,null,null,null,null,null,null,null,{"lengthInSteps":16,"typeOfSection":0,"sectionNotes":[],"altAnim":false,"bpm":160,"changeBPM":false,"mustHitSection":true},null,null,null,null,null,null,null,null,null,null,null,null,null,null,null,null,null,null,null,null,null,null,null,{"lengthInSteps":16,"typeOfSection":0,"sectionNotes":[],"altAnim":false,"bpm":160,"changeBPM":false,"mustHitSection":true},null,null,null,null,null,null,null,null,null,null,null,null,null,null,null,null,null,null,null,null,null,null,{"lengthInSteps":16,"typeOfSection":0,"sectionNotes":[],"altAnim":false,"bpm":160,"changeBPM":false,"mustHitSection":true},null,null,null,null,null,null,null,null,null,null,null,{"lengthInSteps":16,"typeOfSection":0,"sectionNotes":[],"altAnim":false,"bpm":160,"changeBPM":false,"mustHitSection":true},null,null,null,null,null,null,null,null,null,null,null,{"lengthInSteps":16,"typeOfSection":0,"sectionNotes":[],"altAnim":false,"bpm":160,"changeBPM":false,"mustHitSection":true},null,null,null,null,null,null,null,null,null,null,null,null,null,null,null,null,null,null,null,null,null,null,{"lengthInSteps":16,"typeOfSection":0,"sectionNotes":[],"altAnim":false,"bpm":160,"changeBPM":false,"mustHitSection":true},null,null,null,null,null,null,null,null,null,null,null,{"lengthInSteps":16,"typeOfSection":0,"sectionNotes":[],"altAnim":false,"bpm":160,"changeBPM":false,"mustHitSection":true},null,null,null,null,null,null,null,null,null,null,{"lengthInSteps":16,"typeOfSection":0,"sectionNotes":[],"altAnim":false,"bpm":160,"changeBPM":false,"mustHitSection":true},null,null,null,null,null,null,null,null,null,null,null,{"lengthInSteps":16,"typeOfSection":0,"sectionNotes":[],"altAnim":false,"bpm":160,"changeBPM":false,"mustHitSection":true},null,null,null,null,null,null,null,null,null,null,null,{"lengthInSteps":16,"typeOfSection":0,"sectionNotes":[],"altAnim":false,"bpm":160,"changeBPM":false,"mustHitSection":true},null,null,null,null,null,null,null,null,null,null,null,null,null,null,null,null,null,null,null,null,null,null,{"lengthInSteps":16,"typeOfSection":0,"sectionNotes":[],"altAnim":false,"bpm":160,"changeBPM":false,"mustHitSection":true},null,null,null,null,null,null,null,null,null,null,null,null,null,null,null,null,null,null,null,null,null,null,null,{"lengthInSteps":16,"typeOfSection":0,"sectionNotes":[],"altAnim":false,"bpm":160,"changeBPM":false,"mustHitSection":true},null,null,null,null,null,null,null,null,null,null,null,null,null,null,null,null,null,null,null,null,null,null,null,null,null,null,null,null,null,null,null,null,null,null,null,null,null,null,null,null,null,null,null,null,null,null,null,null,null,null,null,null,null,null,null,null,null,null,null,null,null,null,null,null,null,null,null,null,null,null,null,null,null,null,null,null,null,null,null,null,null,null,null,null,null,null,null,null,null,null,null,null,null,null,null,null,null,null,null,null,null,null,null,null,null,null,null,null,null,null,null,null,null,null,null,null,null,null,null,null,null,null,null,null,null,null,null,null,null,null,null,null,null,null,null,null,null,null,null,null,null,null,null,null,null,null,null,null,null,null,null,null,null,null,null,null,null,null,null,null,null,null,null,null,null,null,null,null,null,null,null,null,null,null,null,null,null,null,null,null,null,null,null,null,null,null,null,null,null,null,null,null,null,null,null,null,null,null,null,null,null,null,null,null,null,null,null,null,null,null,null,null,null,null,null,null,null,null,null,null,null,null,null,null,null,null,null,null,null,null,null,null,null,null,null,null,null,null,null,null,null,null,null,null,null,null,null,null,null,null,null,null,null,null,null,null,null,null,null,null,null,null,null,null,null,null,null,null,null,null,null,null,null,null,null,null,null,null,null,null,{"lengthInSteps":16,"altAnim":false,"typeOfSection":0,"sectionNotes":[],"bpm":160,"changeBPM":false,"mustHitSection":true},null,null,null,null,null,null,null,null,null,null,null,{"lengthInSteps":16,"altAnim":false,"typeOfSection":0,"sectionNotes":[],"bpm":160,"changeBPM":false,"mustHitSection":true},null,null,null,null,null,null,null,null,null,null,null,null,null,null,null,null,null,null,null,null,null,null,null,null,null,null,null,null,null,null,null,null,null,null,null,null,null,null,null,null,null,null,null,null,null,null,null,null,null,null,null,null,null,null,null,null,null,null,null,null,null,null,null,null,null,null,null,null,null,null,null,null,null,null,null,null,null,null,null,null,null,{"lengthInSteps":16,"typeOfSection":0,"sectionNotes":[],"altAnim":false,"bpm":160,"changeBPM":false,"mustHitSection":true},null,null,null,null,null,null,null,null,null,null,{"lengthInSteps":16,"typeOfSection":0,"sectionNotes":[],"altAnim":false,"bpm":160,"changeBPM":false,"mustHitSection":true},null,null,null,null,null,null,null,null,null,null,null,{"lengthInSteps":16,"typeOfSection":0,"sectionNotes":[],"altAnim":false,"bpm":160,"changeBPM":false,"mustHitSection":true},null,null,null,null,null,null,null,null,null,null,null,{"lengthInSteps":16,"typeOfSection":0,"sectionNotes":[],"altAnim":false,"bpm":160,"changeBPM":false,"mustHitSection":true},null,null,null,null,null,null,null,null,null,null,null,{"lengthInSteps":16,"typeOfSection":0,"sectionNotes":[],"altAnim":false,"bpm":160,"changeBPM":false,"mustHitSection":true},null,null,null,null,null,null,null,null,null,null,{"lengthInSteps":16,"typeOfSection":0,"sectionNotes":[],"altAnim":false,"bpm":160,"changeBPM":false,"mustHitSection":true},null,null,null,null,null,null,null,null,null,null,null,{"lengthInSteps":16,"typeOfSection":0,"sectionNotes":[],"altAnim":false,"bpm":160,"changeBPM":false,"mustHitSection":true},null,null,null,null,null,null,null,null,null,null,null,{"lengthInSteps":16,"typeOfSection":0,"sectionNotes":[],"altAnim":false,"bpm":160,"changeBPM":false,"mustHitSection":true},null,null,null,null,null,null,null,null,null,null,null,{"lengthInSteps":16,"typeOfSection":0,"sectionNotes":[],"altAnim":false,"bpm":160,"changeBPM":false,"mustHitSection":true},null,null,null,null,null,null,null,null,null,null,{"lengthInSteps":16,"typeOfSection":0,"sectionNotes":[],"altAnim":false,"bpm":160,"changeBPM":false,"mustHitSection":true},null,null,null,null,null,null,null,null,null,null,null,{"lengthInSteps":16,"typeOfSection":0,"sectionNotes":[],"altAnim":false,"bpm":160,"changeBPM":false,"mustHitSection":true},null,null,null,null,null,null,null,null,null,null,null,{"lengthInSteps":16,"typeOfSection":0,"sectionNotes":[],"altAnim":false,"bpm":160,"changeBPM":false,"mustHitSection":true},null,null,null,null,null,null,null,null,null,null,{"lengthInSteps":16,"typeOfSection":0,"sectionNotes":[],"altAnim":false,"bpm":160,"changeBPM":false,"mustHitSection":true},null,null,null,null,null,null,null,null,null,null,null,{"lengthInSteps":16,"typeOfSection":0,"sectionNotes":[],"altAnim":false,"bpm":160,"changeBPM":false,"mustHitSection":true},null,null,null,null,null,null,null,null,null,null,null,{"lengthInSteps":16,"typeOfSection":0,"sectionNotes":[],"altAnim":false,"bpm":160,"changeBPM":false,"mustHitSection":true},null,null,null,null,null,null,null,null,null,null,null,{"lengthInSteps":16,"typeOfSection":0,"sectionNotes":[],"altAnim":false,"bpm":160,"changeBPM":false,"mustHitSection":true},null,null,null,null,null,null,null,null,null,null,{"lengthInSteps":16,"typeOfSection":0,"sectionNotes":[],"altAnim":false,"bpm":160,"changeBPM":false,"mustHitSection":true},null,null,null,null,null,null,null,null,null,null,null,null,null,null,null,null,null,{"lengthInSteps":16,"typeOfSection":0,"sectionNotes":[],"altAnim":false,"bpm":160,"changeBPM":false,"mustHitSection":true},null,null,null,null,null,{"lengthInSteps":16,"typeOfSection":0,"sectionNotes":[],"altAnim":false,"bpm":160,"changeBPM":false,"mustHitSection":true},null,null,null,null,null,{"lengthInSteps":16,"typeOfSection":0,"sectionNotes":[],"altAnim":false,"bpm":160,"changeBPM":false,"mustHitSection":true},null,null,null,null,null,null,null,null,null,null,{"lengthInSteps":16,"typeOfSection":0,"sectionNotes":[],"altAnim":false,"bpm":160,"changeBPM":false,"mustHitSection":true},null,null,null,null,null,null,null,null,null,null,null,{"lengthInSteps":16,"typeOfSection":0,"sectionNotes":[],"altAnim":false,"bpm":160,"changeBPM":false,"mustHitSection":true},null,null,null,null,null,null,null,null,null,null,null,{"lengthInSteps":16,"typeOfSection":0,"sectionNotes":[],"altAnim":false,"bpm":160,"changeBPM":false,"mustHitSection":true},null,null,null,null,null,null,null,null,null,null,{"lengthInSteps":16,"typeOfSection":0,"sectionNotes":[],"altAnim":false,"bpm":160,"changeBPM":false,"mustHitSection":true},null,null,null,null,null,null,null,null,null,null,null,{"lengthInSteps":16,"typeOfSection":0,"sectionNotes":[],"altAnim":false,"bpm":160,"changeBPM":false,"mustHitSection":true},null,null,null,null,null,{"lengthInSteps":16,"typeOfSection":0,"sectionNotes":[],"altAnim":false,"bpm":160,"changeBPM":false,"mustHitSection":true},null,null,null,null,null,{"lengthInSteps":16,"typeOfSection":0,"sectionNotes":[],"altAnim":false,"bpm":160,"changeBPM":false,"mustHitSection":true},null,null,null,null,null,null,null,null,null,null,null,{"lengthInSteps":16,"typeOfSection":0,"sectionNotes":[],"altAnim":false,"bpm":160,"changeBPM":false,"mustHitSection":true},null,null,null,null,null,null,null,null,null,null,{"lengthInSteps":16,"typeOfSection":0,"sectionNotes":[],"altAnim":false,"bpm":160,"changeBPM":false,"mustHitSection":true},null,null,null,null,null,null,null,null,null,null,null,{"lengthInSteps":16,"typeOfSection":0,"sectionNotes":[],"altAnim":false,"bpm":160,"changeBPM":false,"mustHitSection":true},null,null,null,null,null,null,null,null,null,null,null,null,null,null,null,null,null,null,null,null,null,null,{"lengthInSteps":16,"typeOfSection":0,"sectionNotes":[],"altAnim":false,"bpm":160,"changeBPM":false,"mustHitSection":true},null,null,null,null,null,null,null,null,null,null,null,null,null,null,null,null,null,{"lengthInSteps":16,"typeOfSection":0,"sectionNotes":[],"altAnim":false,"bpm":160,"changeBPM":false,"mustHitSection":true},null,null,null,null,null,null,null,null,null,null,null,{"lengthInSteps":16,"typeOfSection":0,"sectionNotes":[],"altAnim":false,"bpm":160,"changeBPM":false,"mustHitSection":true},null,null,null,null,null,null,null,null,null,null,null,null,null,null,null,null,null,null,null,null,null,null,{"lengthInSteps":16,"typeOfSection":0,"sectionNotes":[],"altAnim":false,"bpm":160,"changeBPM":false,"mustHitSection":true},null,null,null,null,null,null,null,null,null,null,null,null,null,null,null,null,null,null,null,null,null,null,null,{"lengthInSteps":16,"typeOfSection":0,"sectionNotes":[],"altAnim":false,"bpm":160,"changeBPM":false,"mustHitSection":true},null,null,null,null,null,null,null,null,null,null,null,null,null,null,null,null,null,null,null,null,null,null,null,null,null,null,null,null,null,null,null,null,null,null,null,null,null,null,null,null,null,null,null,null,null,null,null,null,null,null,null,null,null,null,null,null,null,null,null,null,null,null,null,null,null,null,null,null,null,null,null,null,null,null,null,null,null,null,null,null,null,null,null,null,null,null,null,null,null,null,null,null,null,null,null,null,null,null,null,null,null,null,null,null,null,null,null,null,null,null,null,null,null,null,null,null,null,null,null,null,null,null,null,null,null,null,null,null,null,null,null,null,null,null,null,null,null,null,null,null,null,null,null,null,null,null,null,null,null,null,null,null,null,null,null,null,null,null,null,null,null,null,null,null,null,null,null,null,null,null,null,null,null,null,null,null,null,null,null,null,null,null,null,null,null,null,null,null,null,null,null,null,null,null,null,null,null,null,null,null,null,null,null,null,null,null,null,null,null,null,null,null,null,null,null,null,null,null,null,null,null,null,null,null,null,null,null,null,null,null,null,null,null,null,null,null,null,null,null,null,null,null,null,null,null,null,null,null,null,null,null,null,null,null,null,null,null,null,null,null,null,null,null,null,null,null,null,null,null,null,null,null,null,null,null,null,null,null,null,null,null,null,null,null,null,null,null,null,null,null,null,null,null,null,null,null,null,null,null,null,null,null,null,null,null,null,null,null,null,null,null,null,null,null,null,null,null,null,null,null,null,null,null,null,null,null,null,null,null,null,null,null,null,null,null,null,null,null,null,null,null,null,null,null,null,null,null,null,null,null,null,null,null,null,null,null,null,null,null,null,null,null,null,null,null,null,null,null,null,null,null,null,null,null,null,null,null,null,null,null,null,null,null,null,null,null,null,null,null,null,null,null,null,null,null,null,null,null,null,null,null,null,null,null,null,null,null,null,null,null,null,null,null,null,null,null,null,null,null,null,null,{"lengthInSteps":16,"typeOfSection":0,"sectionNotes":[],"altAnim":false,"bpm":160,"changeBPM":false,"mustHitSection":true},null,null,null,null,{"lengthInSteps":16,"typeOfSection":0,"sectionNotes":[],"altAnim":false,"bpm":160,"changeBPM":false,"mustHitSection":true},null,null,null,null,null,{"lengthInSteps":16,"typeOfSection":0,"sectionNotes":[],"altAnim":false,"bpm":160,"changeBPM":false,"mustHitSection":true},null,null,null,null,null,null,null,null,null,null,null,{"lengthInSteps":16,"typeOfSection":0,"sectionNotes":[],"altAnim":false,"bpm":160,"changeBPM":false,"mustHitSection":true},null,null,null,null,null,null,null,null,null,null,null,{"lengthInSteps":16,"typeOfSection":0,"sectionNotes":[],"altAnim":false,"bpm":160,"changeBPM":false,"mustHitSection":true},null,null,null,null,null,null,null,null,null,null,null,null,null,null,null,null,null,null,null,null,null,null,{"lengthInSteps":16,"typeOfSection":0,"sectionNotes":[],"altAnim":false,"bpm":160,"changeBPM":false,"mustHitSection":true},null,null,null,null,null,{"lengthInSteps":16,"typeOfSection":0,"sectionNotes":[],"altAnim":false,"bpm":160,"changeBPM":false,"mustHitSection":true},null,null,null,null,null,{"lengthInSteps":16,"typeOfSection":0,"sectionNotes":[],"altAnim":false,"bpm":160,"changeBPM":false,"mustHitSection":true},null,null,null,null,null,{"lengthInSteps":16,"typeOfSection":0,"sectionNotes":[],"altAnim":false,"bpm":160,"changeBPM":false,"mustHitSection":true},null,null,null,null,null,null,null,null,null,null,null,null,null,null,null,null,{"lengthInSteps":16,"typeOfSection":0,"sectionNotes":[],"altAnim":false,"bpm":160,"changeBPM":false,"mustHitSection":true},null,null,null,null,null,null,null,null,null,null,null,{"lengthInSteps":16,"typeOfSection":0,"sectionNotes":[],"altAnim":false,"bpm":160,"changeBPM":false,"mustHitSection":true},null,null,null,null,null,null,null,null,null,null,null,{"lengthInSteps":16,"typeOfSection":0,"sectionNotes":[],"altAnim":false,"bpm":160,"changeBPM":false,"mustHitSection":true},null,null,null,null,null,{"lengthInSteps":16,"typeOfSection":0,"sectionNotes":[],"altAnim":false,"bpm":160,"changeBPM":false,"mustHitSection":true},null,null,null,null,null,null,null,null,null,null,null,null,null,null,null,null,{"lengthInSteps":16,"typeOfSection":0,"sectionNotes":[],"altAnim":false,"bpm":160,"changeBPM":false,"mustHitSection":true},null,null,null,null,null,null,null,null,null,null,null,null,null,null,null,null,null,{"lengthInSteps":16,"typeOfSection":0,"sectionNotes":[],"altAnim":false,"bpm":160,"changeBPM":false,"mustHitSection":true},null,null,null,null,null,null,null,null,null,null,null,null,null,null,null,null,{"lengthInSteps":16,"typeOfSection":0,"sectionNotes":[],"altAnim":false,"bpm":160,"changeBPM":false,"mustHitSection":true},null,null,null,null,null,null,null,null,null,null,null,{"lengthInSteps":16,"typeOfSection":0,"sectionNotes":[],"altAnim":false,"bpm":160,"changeBPM":false,"mustHitSection":true},null,null,null,null,null,{"lengthInSteps":16,"typeOfSection":0,"sectionNotes":[],"altAnim":false,"bpm":160,"changeBPM":false,"mustHitSection":true},null,null,null,null,null,{"lengthInSteps":16,"typeOfSection":0,"sectionNotes":[],"altAnim":false,"bpm":160,"changeBPM":false,"mustHitSection":true},null,null,null,null,null,{"lengthInSteps":16,"typeOfSection":0,"sectionNotes":[],"altAnim":false,"bpm":160,"changeBPM":false,"mustHitSection":true},null,null,null,null,{"lengthInSteps":16,"typeOfSection":0,"sectionNotes":[],"altAnim":false,"bpm":160,"changeBPM":false,"mustHitSection":true},null,null,null,null,null,null,null,null,null,null,null,null,null,null,null,null,null,null,null,null,null,null,null,{"lengthInSteps":16,"typeOfSection":0,"sectionNotes":[],"altAnim":false,"bpm":160,"changeBPM":false,"mustHitSection":true},null,null,null,null,null,{"lengthInSteps":16,"typeOfSection":0,"sectionNotes":[],"altAnim":false,"bpm":160,"changeBPM":false,"mustHitSection":true},null,null,null,null,null,{"lengthInSteps":16,"typeOfSection":0,"sectionNotes":[],"altAnim":false,"bpm":160,"changeBPM":false,"mustHitSection":true},null,null,null,null,{"lengthInSteps":16,"typeOfSection":0,"sectionNotes":[],"altAnim":false,"bpm":160,"changeBPM":false,"mustHitSection":true},null,null,null,null,null,null,null,null,null,null,null,null,null,null,null,null,null,null,null,null,null,null,null,null,null,null,null,null,null,{"sectionNotes":[],"typeOfSection":0,"lengthInSteps":16,"altAnim":false,"mustHitSection":true,"changeBPM":false,"bpm":160},null,null,null,null,null,null,null,null,null,null,{"sectionNotes":[],"typeOfSection":0,"lengthInSteps":16,"altAnim":false,"mustHitSection":true,"changeBPM":false,"bpm":160},null,null,null,null,null,null,null,null,null,null,null,{"sectionNotes":[],"typeOfSection":0,"lengthInSteps":16,"altAnim":false,"mustHitSection":true,"changeBPM":false,"bpm":160},null,null,null,null,null,null,null,null,null,null,null,{"sectionNotes":[],"typeOfSection":0,"lengthInSteps":16,"altAnim":false,"mustHitSection":true,"changeBPM":false,"bpm":160},null,null,null,null,null,null,null,null,null,null,null,{"sectionNotes":[],"typeOfSection":0,"lengthInSteps":16,"altAnim":false,"mustHitSection":true,"changeBPM":false,"bpm":160},null,null,null,null,null,null,null,null,null,null,{"sectionNotes":[],"typeOfSection":0,"lengthInSteps":16,"altAnim":false,"mustHitSection":true,"changeBPM":false,"bpm":160},null,null,null,null,null,null,null,null,null,null,null,{"sectionNotes":[],"typeOfSection":0,"lengthInSteps":16,"altAnim":false,"mustHitSection":true,"changeBPM":false,"bpm":160},null,null,null,null,null,null,null,null,null,null,null,{"sectionNotes":[],"typeOfSection":0,"lengthInSteps":16,"altAnim":false,"mustHitSection":true,"changeBPM":false,"bpm":160},null,null,null,null,null,null,null,null,null,null,null,{"sectionNotes":[],"typeOfSection":0,"lengthInSteps":16,"altAnim":false,"mustHitSection":true,"changeBPM":false,"bpm":160},null,null,null,null,null,null,null,null,null,null,{"sectionNotes":[],"typeOfSection":0,"lengthInSteps":16,"altAnim":false,"mustHitSection":true,"changeBPM":false,"bpm":160},null,null,null,null,null,null,null,null,null,null,null,{"sectionNotes":[],"typeOfSection":0,"lengthInSteps":16,"altAnim":false,"mustHitSection":true,"changeBPM":false,"bpm":160},null,null,null,null,null,null,null,null,null,null,null,{"sectionNotes":[],"typeOfSection":0,"lengthInSteps":16,"altAnim":false,"mustHitSection":true,"changeBPM":false,"bpm":160},null,null,null,null,null,null,null,null,null,null,{"sectionNotes":[],"typeOfSection":0,"lengthInSteps":16,"altAnim":false,"mustHitSection":true,"changeBPM":false,"bpm":160},null,null,null,null,null,null,null,null,null,null,null,{"sectionNotes":[],"typeOfSection":0,"lengthInSteps":16,"altAnim":false,"mustHitSection":true,"changeBPM":false,"bpm":160},null,null,null,null,null,null,null,null,null,null,null,{"sectionNotes":[],"typeOfSection":0,"lengthInSteps":16,"altAnim":false,"mustHitSection":true,"changeBPM":false,"bpm":160},null,null,null,null,null,null,null,null,null,null,null,{"sectionNotes":[],"typeOfSection":0,"lengthInSteps":16,"altAnim":false,"mustHitSection":true,"changeBPM":false,"bpm":160},null,null,null,null,null,null,null,null,null,null,{"sectionNotes":[],"typeOfSection":0,"lengthInSteps":16,"altAnim":false,"mustHitSection":true,"changeBPM":false,"bpm":160},null,null,null,null,null,null,null,null,null,null,null,{"sectionNotes":[],"typeOfSection":0,"lengthInSteps":16,"altAnim":false,"mustHitSection":true,"changeBPM":false,"bpm":160},null,null,null,null,null,null,null,null,null,null,null,{"sectionNotes":[],"typeOfSection":0,"lengthInSteps":16,"altAnim":false,"mustHitSection":true,"changeBPM":false,"bpm":160},null,null,null,null,null,null,null,null,null,null,{"sectionNotes":[],"typeOfSection":0,"lengthInSteps":16,"altAnim":false,"mustHitSection":true,"changeBPM":false,"bpm":160},null,null,null,null,null,null,null,null,null,null,null,{"sectionNotes":[],"typeOfSection":0,"lengthInSteps":16,"altAnim":false,"mustHitSection":true,"changeBPM":false,"bpm":160},null,null,null,null,null,null,null,null,null,null,null,{"sectionNotes":[],"typeOfSection":0,"lengthInSteps":16,"altAnim":false,"mustHitSection":true,"changeBPM":false,"bpm":160},null,null,null,null,null,null,null,null,null,null,null,{"sectionNotes":[],"typeOfSection":0,"lengthInSteps":16,"altAnim":false,"mustHitSection":true,"changeBPM":false,"bpm":160},null,null,null,null,null,null,null,null,null,null,{"sectionNotes":[],"typeOfSection":0,"lengthInSteps":16,"altAnim":false,"mustHitSection":true,"changeBPM":false,"bpm":160},null,null,null,null,null,null,null,null,null,null,null,{"sectionNotes":[],"typeOfSection":0,"lengthInSteps":16,"altAnim":false,"mustHitSection":true,"changeBPM":false,"bpm":160},null,null,null,null,null,{"sectionNotes":[],"typeOfSection":0,"lengthInSteps":16,"altAnim":false,"mustHitSection":true,"changeBPM":false,"bpm":160},null,null,null,null,null,{"sectionNotes":[],"typeOfSection":0,"lengthInSteps":16,"altAnim":false,"mustHitSection":true,"changeBPM":false,"bpm":160},null,null,null,null,null,{"sectionNotes":[],"typeOfSection":0,"lengthInSteps":16,"altAnim":false,"mustHitSection":true,"changeBPM":false,"bpm":160},null,null,null,null,{"sectionNotes":[],"typeOfSection":0,"lengthInSteps":16,"altAnim":false,"mustHitSection":true,"changeBPM":false,"bpm":160},null,null,null,null,null,null,null,null,null,null,null,null,null,null,null,null,null,null,null,null,null,null,null,{"sectionNotes":[],"typeOfSection":0,"lengthInSteps":16,"altAnim":false,"mustHitSection":true,"changeBPM":false,"bpm":160},null,null,null,null,null,null,null,null,null,null,null,null,null,null,null,null,{"sectionNotes":[],"typeOfSection":0,"lengthInSteps":16,"altAnim":false,"mustHitSection":true,"changeBPM":false,"bpm":160},null,null,null,null,null,{"sectionNotes":[],"typeOfSection":0,"lengthInSteps":16,"altAnim":false,"mustHitSection":true,"changeBPM":false,"bpm":160},null,null,null,null,null,null,null,null,null,null,null,null,null,null,null,null,null,null,null,null,null,null,null,{"sectionNotes":[],"typeOfSection":0,"lengthInSteps":16,"altAnim":false,"mustHitSection":true,"changeBPM":false,"bpm":160},null,null,null,null,null,{"sectionNotes":[],"typeOfSection":0,"lengthInSteps":16,"altAnim":false,"mustHitSection":true,"changeBPM":false,"bpm":160},null,null,null,null,{"sectionNotes":[],"typeOfSection":0,"lengthInSteps":16,"altAnim":false,"mustHitSection":true,"changeBPM":false,"bpm":160},null,null,null,null,null,{"sectionNotes":[],"typeOfSection":0,"lengthInSteps":16,"altAnim":false,"mustHitSection":true,"changeBPM":false,"bpm":160},null,null,null,null,null,{"sectionNotes":[],"typeOfSection":0,"lengthInSteps":16,"altAnim":false,"mustHitSection":true,"changeBPM":false,"bpm":160},null,null,null,null,null,null,null,null,null,null,null,null,null,null,null,null,null,null,null,null,null,null,null,null,null,null,null,null,null,null,null,null,null,null,null,null,null,null,null,null,null,null,null,null,null,null,null,null,null,null,null,null,null,null,null,null,null,null,null,null,null,null,null,null,null,null,null,null,null,null,null,null,null,null,null,null,null,null,null,null,null,null,null,null,null,null,null,null,null,null,null,null,null,null,null,null,null,null,null,null,null,null,null,null,null,null,null,null,null,null,null,null,null,null,null,null,null,null,null,null,null,null,null,null,null,null,null,null,null,null,null,null,null,null,null,null,null,null,null,null,null,null,null,null,null,null,null,null,null,null,null,null,null,null,null,null,null,null,null,null,null,null,null,null,null,null,null,null,null,null,null,null,null,null,null,null,null,null,null,null,null,null,null,null,null,null,null,null,null,null,null,null,null,null,null,null,null,null,null,null,null,null,null,null,null,null,null,null,null,null,null,null,null,null,null,null,null,null,null,null,null,null,null,null,null,null,null,null,null,null,null,null,null,null,null,null,null,null,null,null,null,null,null,null,null,null,null,null,null,null,null,null,null,null,null,null,null,null,null,null,null,null,null,null,null,null,null,null,null,null,null,null,null,null,null,null,null,null,null,null,null,null,null,null,null,null,null,null,null,null,null,null,null,null,null,null,null,null,null,null,null,null,null,null,null,null,null,null,null,null,null,null,null,null,null,null,null,null,null,null,null,null,null,null,null,null,null,null,null,null,null,null,null,null,null,null,null,null,null,null,null,null,null,null,null,null,null,null,null,null,null,null,null,null,null,null,null,null,null,null,null,null,null,null,null,null,null,null,null,null,null,null,null,null,null,null,null,null,null,null,null,null,null,null,null,null,null,null,null,null,null,null,null,null,null,null,null,null,null,null,null,null,null,null,null,null,null,null,null,null,null,null,null,null,null,null,null,null,null,null,null,null,null,null,null,null,null,null,null,null,null,null,null,null,null,null,null,null,null,null,null,null,null,null,null,null,null,null,null,null,null,null,null,null,null,null,null,null,null,null,null,null,null,null,null,null,null,null,null,null,null,null,null,null,null,null,null,null,null,null,null,null,null,null,null,null,null,null,null,null,null,null,null,null,null,null,null,null,null,null,null,null,null,null,null,null,null,null,null,null,null,null,null,null,null,null,null,null,null,null,null,null,null,null,null,null,null,null,null,null,null,null,null,null,null,null,null,null,{"lengthInSteps":16,"altAnim":false,"typeOfSection":0,"sectionNotes":[],"bpm":160,"changeBPM":false,"mustHitSection":true},null,null,null,null,null,null,null,null,null,null,null,null,null,null,null,null,null,null,null,null,null,null,null,null,null,null,null,null,null,null,null,null,null,null,null,null,null,null,null,null,null,null,null,null,null,null,null,null,null,null,null,null,null,null,null,null,null,null,null,null,null,null,null,null,null,null,null,null,null,null,null,null,null,null,null,null,null,null,null,null,null,null,null,null,null,null,null,null,null,null,null,null,null,null,null,null,null,null,null,null,null,null,null,null,null,null,null,null,null,null,null,null,null,null,null,null,null,null,null,null,null,null,null,null,null,null,null,null,null,null,null,null,null,null,null,null,null,null,null,null,null,null,null,null,null,null,null,null,null,null,null,null,null,null,null,null,null,null,null,null,null,null,null,null,null,null,null,null,null,null,null,null,null,null,null,null,null,null,null,null,null,null,null,null,null,null,null,null,null,null,null,null,null,null,null,null,null,null,{"lengthInSteps":16,"altAnim":false,"typeOfSection":0,"sectionNotes":[],"bpm":160,"changeBPM":false,"mustHitSection":true},null,null,null,null,null,null,null,null,null,null,null,{"lengthInSteps":16,"altAnim":false,"typeOfSection":0,"sectionNotes":[],"bpm":160,"changeBPM":false,"mustHitSection":true},null,null,null,null,null,null,null,null,null,null,null,null,null,null,null,null,null,null,null,null,null,null,null,{"lengthInSteps":16,"altAnim":false,"typeOfSection":0,"sectionNotes":[],"bpm":160,"changeBPM":false,"mustHitSection":true},null,null,null,null,null,null,null,null,null,null,null,null,null,null,null,null,null,null,null,null,null,null,null,null,null,null,null,null,null,null,null,null,null,null,null,null,null,null,null,null,null,null,null,null,null,null,{"sectionNotes":[],"typeOfSection":0,"lengthInSteps":16,"altAnim":false,"mustHitSection":true,"changeBPM":false,"bpm":160},null,null,null,null,{"sectionNotes":[],"typeOfSection":0,"lengthInSteps":16,"altAnim":false,"mustHitSection":true,"changeBPM":false,"bpm":160},null,null,null,null,null,{"sectionNotes":[],"typeOfSection":0,"lengthInSteps":16,"altAnim":false,"mustHitSection":true,"changeBPM":false,"bpm":160},null,null,null,null,null,{"sectionNotes":[],"typeOfSection":0,"lengthInSteps":16,"altAnim":false,"mustHitSection":true,"changeBPM":false,"bpm":160},null,null,null,null,null,{"sectionNotes":[],"typeOfSection":0,"lengthInSteps":16,"altAnim":false,"mustHitSection":true,"changeBPM":false,"bpm":160},null,null,null,null,null,null,null,null,null,null,null,{"sectionNotes":[],"typeOfSection":0,"lengthInSteps":16,"altAnim":false,"mustHitSection":true,"changeBPM":false,"bpm":160},null,null,null,null,null,null,null,null,null,null,{"sectionNotes":[],"typeOfSection":0,"lengthInSteps":16,"altAnim":false,"mustHitSection":true,"changeBPM":false,"bpm":160},null,null,null,null,null,{"sectionNotes":[],"typeOfSection":0,"lengthInSteps":16,"altAnim":false,"mustHitSection":true,"changeBPM":false,"bpm":160},null,null,null,null,null,{"sectionNotes":[],"typeOfSection":0,"lengthInSteps":16,"altAnim":false,"mustHitSection":true,"changeBPM":false,"bpm":160},null,null,null,null,null,{"sectionNotes":[],"typeOfSection":0,"lengthInSteps":16,"altAnim":false,"mustHitSection":true,"changeBPM":false,"bpm":160},null,null,null,null,null,{"sectionNotes":[],"typeOfSection":0,"lengthInSteps":16,"altAnim":false,"mustHitSection":true,"changeBPM":false,"bpm":160},null,null,null,null,null,{"sectionNotes":[],"typeOfSection":0,"lengthInSteps":16,"altAnim":false,"mustHitSection":true,"changeBPM":false,"bpm":160},null,null,null,null,null,{"sectionNotes":[],"typeOfSection":0,"lengthInSteps":16,"altAnim":false,"mustHitSection":true,"changeBPM":false,"bpm":160},null,null,null,null,{"sectionNotes":[],"typeOfSection":0,"lengthInSteps":16,"altAnim":false,"mustHitSection":true,"changeBPM":false,"bpm":160},null,null,null,null,null,{"sectionNotes":[],"typeOfSection":0,"lengthInSteps":16,"altAnim":false,"mustHitSection":true,"changeBPM":false,"bpm":160},null,null,null,null,null,null,null,null,null,null,null,{"sectionNotes":[],"typeOfSection":0,"lengthInSteps":16,"altAnim":false,"mustHitSection":true,"changeBPM":false,"bpm":160},null,null,null,null,null,null,null,null,null,null,null,{"sectionNotes":[],"typeOfSection":0,"lengthInSteps":16,"altAnim":false,"mustHitSection":true,"changeBPM":false,"bpm":160},null,null,null,null,null,null,null,null,null,null,{"sectionNotes":[],"typeOfSection":0,"lengthInSteps":16,"altAnim":false,"mustHitSection":true,"changeBPM":false,"bpm":160},null,null,null,null,null,null,null,null,null,null,null,{"sectionNotes":[],"typeOfSection":0,"lengthInSteps":16,"altAnim":false,"mustHitSection":true,"changeBPM":false,"bpm":160},null,null,null,null,null,null,null,null,null,null,null,{"sectionNotes":[],"typeOfSection":0,"lengthInSteps":16,"altAnim":false,"mustHitSection":true,"changeBPM":false,"bpm":160},null,null,null,null,null,null,null,null,null,null,null,{"sectionNotes":[],"typeOfSection":0,"lengthInSteps":16,"altAnim":false,"mustHitSection":true,"changeBPM":false,"bpm":160},null,null,null,null,null,null,null,null,null,null,{"sectionNotes":[],"typeOfSection":0,"lengthInSteps":16,"altAnim":false,"mustHitSection":true,"changeBPM":false,"bpm":160},null,null,null,null,null,null,null,null,null,null,null,{"sectionNotes":[],"typeOfSection":0,"lengthInSteps":16,"altAnim":false,"mustHitSection":true,"changeBPM":false,"bpm":160},null,null,null,null,null,null,null,null,null,null,null,null,null,null,null,null,null,null,null,null,null,null,{"sectionNotes":[],"typeOfSection":0,"lengthInSteps":16,"altAnim":false,"mustHitSection":true,"changeBPM":false,"bpm":160},null,null,null,null,null,null,null,null,null,null,null,null,null,null,null,null,null,null,null,null,null,null,null,{"sectionNotes":[],"typeOfSection":0,"lengthInSteps":16,"altAnim":false,"mustHitSection":true,"changeBPM":false,"bpm":160},null,null,null,null,null,null,null,null,null,null,null,null,null,null,null,null,null,null,null,null,null,null,{"sectionNotes":[],"typeOfSection":0,"lengthInSteps":16,"altAnim":false,"mustHitSection":true,"changeBPM":false,"bpm":160},null,null,null,null,null,null,null,null,null,null,null,null,null,null,null,null,null,null,null,null,null,null,null,{"sectionNotes":[],"typeOfSection":0,"lengthInSteps":16,"altAnim":false,"mustHitSection":true,"changeBPM":false,"bpm":160},null,null,null,null,null,null,null,null,null,null,null,null,null,null,null,null,null,null,null,null,null,null,{"sectionNotes":[],"typeOfSection":0,"lengthInSteps":16,"altAnim":false,"mustHitSection":true,"changeBPM":false,"bpm":160},null,null,null,null,null,null,null,null,null,null,null,null,null,null,null,null,null,null,null,null,null,null,null,{"sectionNotes":[],"typeOfSection":0,"lengthInSteps":16,"altAnim":false,"mustHitSection":true,"changeBPM":false,"bpm":160},null,null,null,null,null,null,null,null,null,null,null,null,null,null,null,null,null,null,null,null,null,null,{"sectionNotes":[],"typeOfSection":0,"lengthInSteps":16,"altAnim":false,"mustHitSection":true,"changeBPM":false,"bpm":160},null,null,null,null,null,null,null,null,null,null,null,null,null,null,null,null,null,null,null,null,null,null,null,null,null,null,null,null,null,null,null,null,null,null,null,null,null,null,null,null,null,null,null,null,null,null,null,null,null,null,null,null,null,null,null,null,null,null,null,null,null,null,null,null,null,null,null,null,null,null,null,null,null,null,null,null,null,null,null,null,null,{"lengthInSteps":16,"altAnim":false,"typeOfSection":0,"sectionNotes":[],"bpm":160,"changeBPM":false,"mustHitSection":true},null,null,null,null,null,{"lengthInSteps":16,"altAnim":false,"typeOfSection":0,"sectionNotes":[],"bpm":160,"changeBPM":false,"mustHitSection":true},null,null,null,null,null,{"lengthInSteps":16,"altAnim":false,"typeOfSection":0,"sectionNotes":[],"bpm":160,"changeBPM":false,"mustHitSection":true},null,null,null,null,null,{"lengthInSteps":16,"altAnim":false,"typeOfSection":0,"sectionNotes":[],"bpm":160,"changeBPM":false,"mustHitSection":true},null,null,null,null,null,null,null,null,null,null,null,null,null,null,null,null,null,null,null,null,null,null,null,null,null,null,null,null,null,null,null,null,null,null,null,null,null,null,null,null,null,null,null,null,null,null,null,null,null,null,null,null,null,null,null,null,null,null,null,null,null,null,null,null,null,null,null,null,null,null,null,null,null,null,null,null,null,null,null,null,null,null,null,null,null,null,null,null,null,null,null,null,null,null,null,null,null,null,null,null,null,null,null,null,null,null,null,null,null,null,null,null,null,null,null,null,null,null,null,null,null,null,null,null,null,null,null,null,null,null,null,null,null,null,null,null,null,null,null,null,null,null,null,null,null,null,null,null,null,null,null,null,null,null,null,null,null,null,null,null,null,null,null,null,null,null,null,null,null,null,null,null,null,null,null,null,null,null,null,null,null,null,null,null,null,null,null,null,null,null,null,null,null,null,null,null,null,null,null,null,null,null,null,null,{"sectionNotes":[],"typeOfSection":0,"lengthInSteps":16,"altAnim":false,"mustHitSection":true,"changeBPM":false,"bpm":160},null,null,null,null,null,null,null,null,null,null,null,null,null,null,null,null,null,null,null,null,null,null,null,null,null,null,null,null,null,null,null,null,null,null,null,null,null,null,null,null,null,null,null,null,null,null,null,null,null,null,null,null,null,null,null,null,null,null,null,null,null,null,null,null,null,null,null,null,null,null,null,null,null,null,null,null,null,null,null,null,null,null,null,null,null,null,null,null,null,null,null,null,null,null,null,null,null,null,null,null,null,null,null,null,null,null,null,null,null,null,null,null,null,null,null,null,null,null,null,null,null,null,null,null,null,null,null,null,null,null,null,null,null,null,null,null,null,null,null,null,null,null,null,null,null,null,null,null,null,null,null,null,null,null,null,null,null,null,null,null,null,null,null,null,null,null,null,null,null,null,null,null,null,null,null,null,null,null,null,null,null,null,null,null,null,null,null,null,null,null,null,null,null,null,null,null,null,null,null,null,null,null,null,null,null,null,null,null,null,null,null,null,null,null,null,null,null,null,null,null,null,null,null,null,null,null,null,null,null,null,null,null,null,null,null,null,null,null,null,null,null,null,null,null,null,null,null,null,null,null,null,null,null,null,null,null,null,null,null,null,null,null,null,null,null,null,null,null,null,null,null,null,null,null,null,null,null,null,null,null,null,null,null,null,null,null,null,null,null,null,null,null,null,null,null,null,null,null,null,null,null,null,null,null,null,null,null,null,null,null,null,null,null,null,null,null,null,null,null,null,null,null,null,null,null,null,null,null,null,null,null,null,null,null,null,null,null,null,null,null,null,null,null,null,null,null,null,null,null,null,null,null,null,null,null,null,null,null,null,null,null,null,null,null,null,null,null,null,null,null,null,null,null,null,null,null,null,null,null,null,null,null,null,null,null,null,null,null,null,null,null,null,null,null,null,null,null,null,null,null,null,null,null,null,null,null,null,null,null,null,null,null,null,null,null,null,null,null,null,null,null,null,null,null,null,null,null,null,null,null,null,null,null,null,null,null,null,null,null,null,null,null,null,null,null,null,null,null,null,null,null,null,null,null,null,null,null,null,null,null,null,null,null,null,null,null,null,null,null,null,null,null,null,null,null,null,null,null,null,null,null,null,null,null,null,null,null,null,null,null,null,null,null,null,null,null,null,null,null,null,null,null,null,null,null,null,null,null,null,null,null,null,null,null,null,null,null,null,null,null,null,null,null,null,null,null,null,null,null,null,null,null,null,null,null,null,null,null,null,null,null,null,null,null,null,null,null,null,null,null,null,null,null,null,null,null,null,null,null,null,null,{"lengthInSteps":16,"altAnim":false,"typeOfSection":0,"sectionNotes":[],"bpm":160,"changeBPM":false,"mustHitSection":true},null,null,null,null,null,null,null,null,null,null,null,null,null,null,null,null,null,null,null,null,null,null,null,null,null,null,null,null,null,null,null,null,null,null,null,null,null,null,null,null,null,null,null,null,null,null,null,null,null,null,null,null,null,null,null,null,null,null,null,null,null,null,null,null,null,null,null,null,null,null,null,null,null,null,null,null,null,null,null,null,null,null,null,null,null,null,null,null,null,null,null,null,null,null,null,null,null,null,null,null,null,null,null,null,null,null,null,null,null,null,null,null,null,null,null,null,null,null,null,null,null,null,null,null,null,null,null,null,null,null,null,null,null,null,null,null,null,null,null,null,null,null,null,null,null,null,null,null,null,null,null,null,null,null,null,null,null,null,null,null,null,null,null,null,null,null,null,null,null,null,null,null,null,null,null,null,null,null,null,null,null,null,null,null,null,null,null,null,null,null,null,null,null,null,null,null,null,null,{"lengthInSteps":16,"altAnim":false,"typeOfSection":0,"sectionNotes":[],"bpm":160,"changeBPM":false,"mustHitSection":true},null,null,null,null,null,null,null,null,null,null,null,{"lengthInSteps":16,"altAnim":false,"typeOfSection":0,"sectionNotes":[],"bpm":160,"changeBPM":false,"mustHitSection":true},null,null,null,null,null,null,null,null,null,null,null,null,null,null,null,null,null,null,null,null,null,null,null,{"lengthInSteps":16,"altAnim":false,"typeOfSection":0,"sectionNotes":[],"bpm":160,"changeBPM":false,"mustHitSection":true},null,null,null,null,null,null,null,null,null,null,null,null,null,null,null,null,null,null,null,null,null,null,null,null,null,null,null,null,null,null,null,null,null,null,null,null,null,null,null,null,null,null,null,null,null,null,{"sectionNotes":[],"typeOfSection":0,"lengthInSteps":16,"altAnim":false,"mustHitSection":true,"changeBPM":false,"bpm":160}],"player2":"scratch cat","sectionLength":4,"song":"programming","validScore":true,"needsVoices":true,"noteTypes":["Default Note"],"speed":2,"bpm":160}}