{"song":{"player1":"bf cat","keyNumber":4,"scripts":[],"player2":"scratch cat","notes":[{"sectionNotes":[],"typeOfSection":0,"lengthInSteps":16,"duetCameraSlide":0.5,"altAnim":false,"mustHitSection":true,"changeBPM":false,"bpm":100},{"sectionNotes":[],"typeOfSection":0,"lengthInSteps":16,"duetCameraSlide":0.5,"altAnim":false,"mustHitSection":false,"changeBPM":false,"bpm":140},{"sectionNotes":[],"typeOfSection":0,"lengthInSteps":16,"duetCameraSlide":0.5,"altAnim":false,"mustHitSection":true,"changeBPM":false,"bpm":140},{"sectionNotes":[],"typeOfSection":0,"lengthInSteps":16,"duetCameraSlide":0.5,"altAnim":false,"mustHitSection":false,"changeBPM":false,"bpm":140},{"sectionNotes":[],"typeOfSection":0,"lengthInSteps":16,"duetCameraSlide":0.5,"altAnim":false,"mustHitSection":true,"changeBPM":false,"bpm":140},{"sectionNotes":[],"typeOfSection":0,"lengthInSteps":16,"duetCameraSlide":0.5,"altAnim":false,"mustHitSection":false,"changeBPM":false,"bpm":140},{"sectionNotes":[],"typeOfSection":0,"lengthInSteps":16,"duetCameraSlide":0.5,"altAnim":false,"mustHitSection":true,"changeBPM":false,"bpm":140},{"sectionNotes":[[12000,3,642.857142857143],[12642.8571428571,2,0],[12857.1428571429,0,428.571428571429],[13285.7142857143,3,428.571428571429]],"typeOfSection":0,"lengthInSteps":16,"duetCameraSlide":0.5,"altAnim":false,"mustHitSection":false,"changeBPM":false,"bpm":140},{"sectionNotes":[[13714.2857142857,3,0],[13928.5714285714,0,0],[14142.8571428571,3,0],[14357.1428571429,0,0],[14571.4285714286,3,0],[14785.7142857143,2,0],[15000,0,0],[15214.2857142857,1,0]],"typeOfSection":0,"lengthInSteps":16,"duetCameraSlide":0.5,"altAnim":false,"mustHitSection":false,"changeBPM":false,"bpm":140},{"sectionNotes":[[15428.5714285714,3,0],[15642.8571428571,2,0],[15857.1428571429,1,0],[16071.4285714286,0,0],[16285.7142857143,1,0],[16500,2,0],[16714.2857142857,3,0],[16928.5714285714,1,0]],"typeOfSection":0,"lengthInSteps":16,"duetCameraSlide":0.5,"altAnim":false,"mustHitSection":false,"changeBPM":false,"bpm":140},{"sectionNotes":[[17142.8571428571,2,0],[17357.1428571429,2,0],[17571.4285714286,2,214.285714285714],[18000,1,0],[18214.2857142857,2,0],[18428.5714285714,3,0],[18642.8571428571,2,0]],"typeOfSection":0,"lengthInSteps":16,"duetCameraSlide":0.5,"altAnim":false,"mustHitSection":false,"changeBPM":false,"bpm":140},{"altAnim":false,"mustHitSection":true,"duetCameraSlide":0.5,"lengthInSteps":16,"typeOfSection":0,"sectionNotes":[[18857.1428571429,4,857.142857142857],[18857.1428571429,3,642.857142857143],[19500,2,0],[19714.2857142857,0,428.571428571429],[20142.8571428571,3,428.571428571429]],"duetCamera":true,"bpm":140,"changeBPM":false},{"sectionNotes":[[20571.4285714286,3,0],[20785.7142857143,0,0],[21000,3,0],[21214.2857142857,0,0],[21428.5714285714,3,0],[21642.8571428571,2,0],[21857.1428571429,0,0],[22071.4285714286,1,0]],"typeOfSection":0,"lengthInSteps":16,"duetCameraSlide":0.5,"altAnim":false,"mustHitSection":true,"changeBPM":false,"bpm":140},{"sectionNotes":[[22285.7142857143,3,0],[22500,2,0],[22714.2857142857,1,0],[22928.5714285714,0,0],[23142.8571428571,1,0],[23357.1428571429,2,0],[23571.4285714286,3,0],[23785.7142857143,1,0]],"typeOfSection":0,"lengthInSteps":16,"duetCameraSlide":0.5,"altAnim":false,"mustHitSection":true,"changeBPM":false,"bpm":140},{"sectionNotes":[[24000,2,0],[24214.2857142857,2,0],[24428.5714285714,2,214.285714285714],[24857.1428571429,1,0],[25071.4285714286,2,0],[25285.7142857143,3,0],[25500,2,0]],"typeOfSection":0,"lengthInSteps":16,"duetCameraSlide":0.5,"altAnim":false,"mustHitSection":true,"changeBPM":false,"bpm":140},{"altAnim":false,"mustHitSection":false,"duetCameraSlide":0.5,"lengthInSteps":16,"typeOfSection":0,"sectionNotes":[[25714.2857142857,4,857.142857142857],[25714.2857142857,0,0],[25928.5714285714,1,0],[26142.8571428571,2,0],[26357.1428571429,1,0],[26571.4285714286,0,428.571428571429],[27000,3,428.571428571429]],"duetCamera":true,"bpm":140,"changeBPM":false},{"sectionNotes":[[27428.5714285714,2,428.571428571429],[28071.4285714286,1,0],[28285.7142857143,2,0],[28500,0,0],[28714.2857142857,2,0],[28928.5714285714,1,0]],"typeOfSection":0,"lengthInSteps":16,"duetCameraSlide":0.5,"altAnim":false,"mustHitSection":false,"changeBPM":false,"bpm":140},{"sectionNotes":[[29142.8571428571,3,0],[29571.4285714286,2,0],[30000,1,0],[30214.2857142857,0,0],[30428.5714285714,3,428.571428571429]],"typeOfSection":0,"lengthInSteps":16,"duetCameraSlide":0.5,"altAnim":false,"mustHitSection":false,"changeBPM":false,"bpm":140},{"sectionNotes":[[30857.1428571429,1,0],[31071.4285714286,0,0],[31285.7142857143,2,0],[31500,3,0],[31714.2857142857,0,428.571428571429],[32142.8571428571,1,428.571428571429]],"typeOfSection":0,"lengthInSteps":16,"duetCameraSlide":0.5,"altAnim":false,"mustHitSection":false,"changeBPM":false,"bpm":140},{"sectionNotes":[[32571.4285714286,1,0],[32785.7142857143,0,0],[33000,2,0],[33214.2857142857,3,0],[33428.5714285714,0,428.571428571429],[33857.1428571429,1,428.571428571429]],"typeOfSection":0,"lengthInSteps":16,"duetCameraSlide":0.5,"altAnim":false,"mustHitSection":true,"changeBPM":false,"bpm":140},{"sectionNotes":[[34285.7142857143,2,428.571428571429],[34928.5714285714,1,0],[35142.8571428571,2,0],[35357.1428571429,0,0],[35571.4285714286,2,0],[35785.7142857143,1,0]],"typeOfSection":0,"lengthInSteps":16,"duetCameraSlide":0.5,"altAnim":false,"mustHitSection":true,"changeBPM":false,"bpm":140},{"sectionNotes":[[36000,3,0],[36428.5714285714,2,0],[36857.1428571429,1,0],[37071.4285714286,0,0],[37285.7142857143,3,428.571428571429]],"typeOfSection":0,"lengthInSteps":16,"duetCameraSlide":0.5,"altAnim":false,"mustHitSection":true,"changeBPM":false,"bpm":140},{"sectionNotes":[[37714.2857142857,1,0],[37928.5714285714,0,0],[38142.8571428571,2,0],[38357.1428571429,3,0],[38571.4285714286,0,428.571428571429],[39000,1,0],[39214.2857142857,0,0]],"typeOfSection":0,"lengthInSteps":16,"duetCameraSlide":0.5,"altAnim":false,"mustHitSection":true,"changeBPM":false,"bpm":140},{"altAnim":false,"mustHitSection":false,"duetCameraSlide":0.5,"lengthInSteps":16,"typeOfSection":0,"sectionNotes":[[39428.5714285714,7,0],[39642.8571428571,7,0],[40071.4285714286,6,0],[40285.7142857143,4,428.571428571429],[40714.2857142857,6,428.571428571429],[39428.5714285714,1,0],[39642.8571428571,0,0],[39857.1428571429,2,0],[40071.4285714286,0,0],[40285.7142857143,3,0],[40500,0,0],[40714.2857142857,2,0],[40928.5714285714,2,0]],"duetCamera":true,"bpm":140,"changeBPM":false},{"altAnim":false,"mustHitSection":false,"duetCameraSlide":0.5,"lengthInSteps":16,"typeOfSection":0,"sectionNotes":[[41142.8571428571,1,0],[41357.1428571429,3,0],[41571.4285714286,2,0],[41785.7142857143,1,0],[42000,0,428.571428571429],[42428.5714285714,3,428.571428571429],[41142.8571428571,7,0],[41357.1428571429,7,0],[41785.7142857143,6,0],[42000,7,0],[42321.4285714286,5,0],[42428.5714285714,7,428.571428571429]],"duetCamera":true,"bpm":140,"changeBPM":false},{"altAnim":false,"mustHitSection":false,"duetCameraSlide":0.5,"lengthInSteps":16,"typeOfSection":0,"sectionNotes":[[42857.1428571429,2,0],[43071.4285714286,3,0],[43714.2857142857,2,0],[43500,3,0],[43928.5714285714,0,0],[44142.8571428571,3,0],[44357.1428571429,2,0],[42857.1428571429,5,0],[43071.4285714286,4,0],[43285.7142857143,7,0],[43500,6,0],[43714.2857142857,4,0],[43928.5714285714,6,0],[44142.8571428571,5,0],[44357.1428571429,7,0]],"duetCamera":true,"bpm":140,"changeBPM":false},{"altAnim":false,"mustHitSection":false,"duetCameraSlide":0.5,"lengthInSteps":16,"typeOfSection":0,"sectionNotes":[[44785.7142857143,1,0],[45214.2857142857,1,642.857142857143],[45857.1428571429,3,428.571428571429],[44571.4285714286,6,0],[45000,6,0],[45428.5714285714,6,0],[45642.8571428571,6,0],[45857.1428571429,7,428.571428571429]],"duetCamera":true,"bpm":140,"changeBPM":false},{"sectionNotes":[[46285.7142857143,0,0],[46500,1,0],[46714.2857142857,2,0],[46928.5714285714,1,0],[47142.8571428571,3,0],[47357.1428571429,2,0],[47464.2857142857,3,0],[47678.5714285714,0,0]],"typeOfSection":0,"lengthInSteps":16,"duetCameraSlide":0.5,"altAnim":false,"mustHitSection":true,"changeBPM":false,"bpm":140},{"sectionNotes":[[48000,3,0],[48214.2857142857,1,0],[48428.5714285714,2,0],[48642.8571428571,3,0],[48857.1428571429,0,428.571428571429],[49285.7142857143,3,428.571428571429]],"typeOfSection":0,"lengthInSteps":16,"duetCameraSlide":0.5,"altAnim":false,"mustHitSection":true,"changeBPM":false,"bpm":140},{"sectionNotes":[[49714.2857142857,0,0],[49928.5714285714,1,0],[50357.1428571429,1,0],[50571.4285714286,0,0],[50785.7142857143,2,0],[51000,0,0],[51214.2857142857,3,0]],"typeOfSection":0,"lengthInSteps":16,"duetCameraSlide":0.5,"altAnim":false,"mustHitSection":true,"changeBPM":false,"bpm":140},{"sectionNotes":[[51642.8571428571,3,0],[52071.4285714286,3,642.857142857143],[52714.2857142857,2,428.571428571429]],"typeOfSection":0,"lengthInSteps":16,"duetCameraSlide":0.5,"altAnim":false,"mustHitSection":true,"changeBPM":false,"bpm":140},{"sectionNotes":[],"typeOfSection":0,"lengthInSteps":16,"duetCameraSlide":0.5,"altAnim":false,"mustHitSection":true,"changeBPM":false,"bpm":140},{"altAnim":false,"mustHitSection":false,"duetCameraSlide":0.5,"lengthInSteps":16,"typeOfSection":0,"sectionNotes":[[54857.1428571429,4,857.142857142855],[54857.1428571429,3,642.857142857143],[55500,2,0],[55714.2857142857,0,428.571428571429],[56142.8571428571,3,428.571428571429]],"duetCamera":true,"bpm":140,"changeBPM":false},{"sectionNotes":[[56571.4285714286,3,0],[56785.7142857143,0,0],[57000,3,0],[57214.2857142857,0,0],[57428.5714285714,3,0],[57642.8571428571,2,0],[57857.1428571429,0,0],[58071.4285714286,1,0]],"typeOfSection":0,"lengthInSteps":16,"duetCameraSlide":0.5,"altAnim":false,"mustHitSection":false,"changeBPM":false,"bpm":140},{"sectionNotes":[[58285.7142857143,3,0],[58500,2,0],[58714.2857142857,1,0],[58928.5714285714,0,0],[59142.8571428571,1,0],[59357.1428571429,2,0],[59571.4285714286,3,0],[59785.7142857143,1,0]],"typeOfSection":0,"lengthInSteps":16,"duetCameraSlide":0.5,"altAnim":false,"mustHitSection":false,"changeBPM":false,"bpm":140},{"sectionNotes":[[60000,2,0],[60214.2857142857,2,0],[60428.5714285714,2,214.285714285714],[60857.1428571429,1,0],[61071.4285714286,2,0],[61285.7142857143,3,0],[61500,2,0]],"typeOfSection":0,"lengthInSteps":16,"duetCameraSlide":0.5,"altAnim":false,"mustHitSection":false,"changeBPM":false,"bpm":140},{"altAnim":false,"mustHitSection":true,"duetCameraSlide":0.5,"lengthInSteps":16,"typeOfSection":0,"sectionNotes":[[61714.2857142857,4,857.142857142857],[61714.2857142857,3,642.857142857143],[62357.1428571429,2,0],[62571.4285714286,0,428.571428571429],[63000,3,428.571428571429]],"duetCamera":true,"bpm":140,"changeBPM":false},{"sectionNotes":[[63428.5714285715,3,0],[63642.8571428572,0,0],[63857.1428571429,3,0],[64071.4285714286,0,0],[64285.7142857143,3,0],[64500,2,0],[64714.2857142858,0,0],[64928.5714285715,1,0]],"typeOfSection":0,"lengthInSteps":16,"duetCameraSlide":0.5,"altAnim":false,"mustHitSection":true,"changeBPM":false,"bpm":140},{"sectionNotes":[[65142.8571428572,3,0],[65357.1428571429,2,0],[65571.4285714286,1,0],[65785.7142857143,0,0],[66000,1,0],[66214.2857142858,2,0],[66428.5714285714,3,0],[66642.8571428572,1,0]],"typeOfSection":0,"lengthInSteps":16,"duetCameraSlide":0.5,"altAnim":false,"mustHitSection":true,"changeBPM":false,"bpm":140},{"sectionNotes":[[66857.1428571429,2,0],[67071.4285714286,2,0],[67285.7142857143,2,214.285714285714],[67714.2857142858,1,0],[67928.5714285714,2,0],[68142.8571428572,3,0],[68357.1428571429,2,0]],"typeOfSection":0,"lengthInSteps":16,"duetCameraSlide":0.5,"altAnim":false,"mustHitSection":true,"changeBPM":false,"bpm":140},{"sectionNotes":[[68785.7142857142,5,0],[69000,6,0],[69214.2857142858,5,0],[69428.5714285714,4,428.571428571429],[69857.1428571429,7,428.571428571429],[68571.4285714286,0,750],[68571.4285714286,4,0]],"typeOfSection":0,"lengthInSteps":16,"duetCameraSlide":0.5,"altAnim":false,"mustHitSection":true,"changeBPM":false,"bpm":140},{"sectionNotes":[[70928.5714285715,5,0],[71142.8571428572,6,0],[71357.1428571429,4,0],[71571.4285714286,6,0],[71785.7142857143,5,0],[70285.7142857143,6,428.57142857142]],"typeOfSection":0,"lengthInSteps":16,"duetCameraSlide":0.5,"altAnim":false,"mustHitSection":true,"changeBPM":false,"bpm":140},{"sectionNotes":[[72000,7,0],[72428.5714285715,6,0],[72857.1428571429,5,0],[73071.4285714286,4,0],[73285.7142857143,7,428.571428571429]],"typeOfSection":0,"lengthInSteps":16,"duetCameraSlide":0.5,"altAnim":false,"mustHitSection":true,"changeBPM":false,"bpm":140},{"sectionNotes":[[73714.2857142858,5,0],[73928.5714285714,4,0],[74142.8571428572,6,0],[74357.1428571429,7,0],[74571.4285714286,4,428.571428571429],[75000,5,428.571428571429]],"typeOfSection":0,"lengthInSteps":16,"duetCameraSlide":0.5,"altAnim":false,"mustHitSection":true,"changeBPM":false,"bpm":140},{"sectionNotes":[[75428.5714285715,1,0],[75642.8571428572,0,0],[75857.1428571429,2,0],[76071.4285714286,3,0],[76285.7142857143,0,428.571428571429],[76714.2857142857,1,428.571428571429]],"typeOfSection":0,"lengthInSteps":16,"duetCameraSlide":0.5,"altAnim":false,"mustHitSection":true,"changeBPM":false,"bpm":140},{"sectionNotes":[[77142.8571428571,2,428.57142857142],[77785.7142857143,1,0],[78000,2,0],[78214.2857142857,0,0],[78428.5714285714,2,0],[78642.8571428571,1,0]],"typeOfSection":0,"lengthInSteps":16,"duetCameraSlide":0.5,"altAnim":false,"mustHitSection":true,"changeBPM":false,"bpm":140},{"sectionNotes":[[78857.1428571429,3,0],[79285.7142857143,2,0],[79714.2857142857,1,0],[79928.5714285714,0,0],[80142.8571428571,3,428.571428571429]],"typeOfSection":0,"lengthInSteps":16,"duetCameraSlide":0.5,"altAnim":false,"mustHitSection":true,"changeBPM":false,"bpm":140},{"sectionNotes":[[81857.1428571429,1,0],[81428.5714285714,0,428.571428571435],[82071.4285714286,3,0],[80571.4285714286,1,0],[80785.7142857143,0,0],[81000,2,0],[81214.2857142857,3,0]],"typeOfSection":0,"lengthInSteps":16,"duetCameraSlide":0.5,"altAnim":false,"mustHitSection":true,"changeBPM":false,"bpm":140},{"sectionNotes":[[82285.7142857143,0,857.142857142855]],"typeOfSection":0,"lengthInSteps":16,"duetCameraSlide":0.5,"altAnim":false,"mustHitSection":true,"changeBPM":false,"bpm":140},{"sectionNotes":[],"typeOfSection":0,"lengthInSteps":16,"duetCameraSlide":0.5,"altAnim":false,"mustHitSection":true,"changeBPM":false,"bpm":140},{"sectionNotes":[],"typeOfSection":0,"lengthInSteps":16,"duetCameraSlide":0.5,"altAnim":false,"mustHitSection":true,"changeBPM":false,"bpm":140},{"sectionNotes":[],"typeOfSection":0,"lengthInSteps":16,"duetCameraSlide":0.5,"altAnim":false,"mustHitSection":true,"changeBPM":false,"bpm":140},{"sectionNotes":[],"typeOfSection":0,"lengthInSteps":16,"duetCameraSlide":0.5,"altAnim":false,"mustHitSection":true,"changeBPM":false,"bpm":140},{"sectionNotes":[],"typeOfSection":0,"lengthInSteps":16,"duetCameraSlide":0.5,"altAnim":false,"mustHitSection":true,"changeBPM":false,"bpm":140},{"sectionNotes":[],"typeOfSection":0,"lengthInSteps":16,"duetCameraSlide":0.5,"altAnim":false,"mustHitSection":true,"changeBPM":false,"bpm":140},{"sectionNotes":[],"typeOfSection":0,"lengthInSteps":16,"duetCameraSlide":0.5,"altAnim":false,"mustHitSection":true,"changeBPM":false,"bpm":140},{"duetCameraSlide":0.5,"lengthInSteps":16,"altAnim":false,"typeOfSection":0,"sectionNotes":[],"bpm":140,"changeBPM":false,"mustHitSection":true},{"duetCameraSlide":0.5,"lengthInSteps":16,"altAnim":false,"typeOfSection":0,"sectionNotes":[],"bpm":140,"changeBPM":false,"mustHitSection":true},{"duetCameraSlide":0.5,"lengthInSteps":16,"altAnim":false,"typeOfSection":0,"sectionNotes":[],"bpm":140,"changeBPM":false,"mustHitSection":true},null,null,null,null,null,null,null,null,null,null,null,null,null,null,null,null,null,null,null,null,null,null,null,null,null,null,null,null,null,null,null,null,null,null,null,null,null,null,null,null,null,null,null,null,null,null,null,null,null,null,null,null,null,null,null,null,null,null,null,null,null,null,null,null,null,null,null,null,null,null,null,null,null,null,null,null,null,null,null,null,null,null,null,null,null,null,null,null,null,null,null,null,null,null,null,null,null,null,null,null,null,null,null,null,null,null,null,null,null,null,null,null,null,null,null,null,null,null,null,null,null,null,null,null,null,null,null,null,null,null,null,null,null,null,null,null,null,null,null,null,null,null,null,null,null,null,null,null,null,null,null,null,null,null,null,null,null,null,null,null,null,null,null,null,null,null,null,null,null,null,null,null,null,null,null,null,null,null,null,null,null,null,null,null,null,null,null,null,null,null,null,null,null,null,null,null,null,null,null,null,null,null,null,null,null,null,null,null,null,null,null,null,null,null,null,null,null,null,null,null,null,null,null,null,null,null,null,null,null,null,null,null,null,null,null,null,null,null,null,null,null,null,null,null,null,null,null,null,null,null,null,null,null,null,null,null,null,null,null,null,null,null,null,null,null,null,null,null,null,null,null,null,null,null,null,null,null,null,null,null,null,null,null,null,null,null,null,null,null,null,null,null,null,null,null,null,null,null,null,null,null,null,null,null,null,null,null,null,null,null,null,null,null,null,null,null,null,null,null,null,null,null,null,null,null,null,null,null,null,null,null,null,null,null,null,null,null,null,null,null,null,null,null,null,null,null,null,null,null,null,null,null,null,null,null,null,null,null,null,null,null,null,null,null,null,null,null,null,null,null,null,null,null,null,null,null,null,null,null,null,null,null,null,null,null,null,null,null,null,null,null,null,null,null,null,null,null,null,null,null,null,null,null,null,null,null,null,null,null,null,null,null,null,null,null,null,null,null,null,null,null,null,null,null,null,null,null,null,null,null,null,null,null,null,null,null,null,null,null,null,null,null,null,null,null,null,null,null,null,null,null,null,null,null,null,null,null,null,null,null,null,null,null,null,null,null,null,null,null,null,null,null,null,null,null,null,null,null,null,null,null,null,null,null,null,null,null,null,null,null,null,null,null,null,null,null,null,null,null,null,null,null,null,null,null,null,null,null,null,null,null,null,null,null,null,null,null,null,null,null,null,null,null,null,null,null,null,null,null,null,null,null,null,null,null,null,null,null,null,null,null,null,null,null,null,null,null,null,null,null,null,null,null,null,null,null,null,null,null,null,null,null,null,null,null,null,null,null,null,null,null,null,null,null,null,null,null,null,null,null,null,null,null,null,null,null,null,null,null,null,null,null,null,null,null,null,null,null,null,null,null,null,null,null,null,null,null,null,null,null,null,null,null,null,null,null,null,null,null,null,null,null,null,null,null,null,null,null,null,null,null,null,null,null,null,null,null,null,null,null,null,null,null,null,null,null,null,null,null,null,null,null,null,null,null,null,null,null,null,null,null,null,null,null,null,null,null,null,null,null,null,null,null,null,null,null,null,null,null,null,null,null,null,null,null,null,null,null,null,null,null,{"sectionNotes":[],"typeOfSection":0,"lengthInSteps":16,"altAnim":false,"mustHitSection":true,"changeBPM":false,"bpm":140},null,null,null,null,null,null,null,null,null,null,null,null,null,null,null,null,null,null,null,null,null,null,null,null,null,null,null,null,null,null,null,null,null,null,null,null,null,null,null,{"sectionNotes":[],"typeOfSection":0,"lengthInSteps":16,"altAnim":false,"mustHitSection":true,"changeBPM":false,"bpm":140},null,null,null,null,null,null,null,null,null,null,null,null,{"sectionNotes":[],"typeOfSection":0,"lengthInSteps":16,"altAnim":false,"mustHitSection":true,"changeBPM":false,"bpm":140},null,null,null,null,null,null,null,null,null,null,null,null,null,null,null,null,null,null,null,null,null,null,null,null,null,null,{"sectionNotes":[],"typeOfSection":0,"lengthInSteps":16,"altAnim":false,"mustHitSection":true,"changeBPM":false,"bpm":140},null,null,null,null,null,null,null,null,null,null,null,null,null,null,null,null,null,null,null,null,null,null,null,null,null,null,{"sectionNotes":[],"typeOfSection":0,"lengthInSteps":16,"altAnim":false,"mustHitSection":true,"changeBPM":false,"bpm":140},null,null,null,null,null,{"sectionNotes":[],"typeOfSection":0,"lengthInSteps":16,"altAnim":false,"mustHitSection":true,"changeBPM":false,"bpm":140},null,null,null,null,null,null,{"sectionNotes":[],"typeOfSection":0,"lengthInSteps":16,"altAnim":false,"mustHitSection":true,"changeBPM":false,"bpm":140},null,null,null,null,null,null,{"sectionNotes":[],"typeOfSection":0,"lengthInSteps":16,"altAnim":false,"mustHitSection":true,"changeBPM":false,"bpm":140},null,null,null,null,null,{"sectionNotes":[],"typeOfSection":0,"lengthInSteps":16,"altAnim":false,"mustHitSection":true,"changeBPM":false,"bpm":140},null,null,null,null,null,null,{"sectionNotes":[],"typeOfSection":0,"lengthInSteps":16,"altAnim":false,"mustHitSection":true,"changeBPM":false,"bpm":140},null,null,null,null,null,null,{"sectionNotes":[],"typeOfSection":0,"lengthInSteps":16,"altAnim":false,"mustHitSection":true,"changeBPM":false,"bpm":140},null,null,null,null,null,null,{"sectionNotes":[],"typeOfSection":0,"lengthInSteps":16,"altAnim":false,"mustHitSection":true,"changeBPM":false,"bpm":140},null,null,null,null,null,{"sectionNotes":[],"typeOfSection":0,"lengthInSteps":16,"altAnim":false,"mustHitSection":true,"changeBPM":false,"bpm":140},null,null,null,null,null,null,null,null,null,null,null,null,null,{"sectionNotes":[],"typeOfSection":0,"lengthInSteps":16,"altAnim":false,"mustHitSection":true,"changeBPM":false,"bpm":140},null,null,null,null,null,null,null,null,null,null,null,null,{"sectionNotes":[],"typeOfSection":0,"lengthInSteps":16,"altAnim":false,"mustHitSection":true,"changeBPM":false,"bpm":140},null,null,null,null,null,null,null,null,null,null,null,null,{"sectionNotes":[],"typeOfSection":0,"lengthInSteps":16,"altAnim":false,"mustHitSection":true,"changeBPM":false,"bpm":140},null,null,null,null,null,null,null,null,null,null,null,null,null,{"sectionNotes":[],"typeOfSection":0,"lengthInSteps":16,"altAnim":false,"mustHitSection":true,"changeBPM":false,"bpm":140},null,null,null,null,null,null,null,null,null,null,null,null,{"sectionNotes":[],"typeOfSection":0,"lengthInSteps":16,"altAnim":false,"mustHitSection":true,"changeBPM":false,"bpm":140},null,null,null,null,null,null,null,null,null,null,null,null,null,{"sectionNotes":[],"typeOfSection":0,"lengthInSteps":16,"altAnim":false,"mustHitSection":true,"changeBPM":false,"bpm":140},null,null,null,null,null,null,null,null,null,null,null,null,{"sectionNotes":[],"typeOfSection":0,"lengthInSteps":16,"altAnim":false,"mustHitSection":true,"changeBPM":false,"bpm":140},null,null,null,null,null,null,null,null,null,null,null,null,{"sectionNotes":[],"typeOfSection":0,"lengthInSteps":16,"altAnim":false,"mustHitSection":true,"changeBPM":false,"bpm":140},null,null,null,null,null,null,null,null,null,null,null,null,null,{"sectionNotes":[],"typeOfSection":0,"lengthInSteps":16,"altAnim":false,"mustHitSection":true,"changeBPM":false,"bpm":140},null,null,null,null,null,null,null,null,null,null,null,null,{"sectionNotes":[],"typeOfSection":0,"lengthInSteps":16,"altAnim":false,"mustHitSection":true,"changeBPM":false,"bpm":140},null,null,null,null,null,null,null,null,null,null,null,null,null,{"sectionNotes":[],"typeOfSection":0,"lengthInSteps":16,"altAnim":false,"mustHitSection":true,"changeBPM":false,"bpm":140},null,null,null,null,null,null,null,null,null,null,null,null,{"sectionNotes":[],"typeOfSection":0,"lengthInSteps":16,"altAnim":false,"mustHitSection":true,"changeBPM":false,"bpm":140},null,null,null,null,null,null,null,null,null,null,null,null,{"sectionNotes":[],"typeOfSection":0,"lengthInSteps":16,"altAnim":false,"mustHitSection":true,"changeBPM":false,"bpm":140},null,null,null,null,null,null,null,null,null,null,null,null,null,{"sectionNotes":[],"typeOfSection":0,"lengthInSteps":16,"altAnim":false,"mustHitSection":true,"changeBPM":false,"bpm":140},null,null,null,null,null,{"sectionNotes":[],"typeOfSection":0,"lengthInSteps":16,"altAnim":false,"mustHitSection":true,"changeBPM":false,"bpm":140},null,null,null,null,null,null,null,null,null,null,null,null,null,null,null,null,null,null,null,null,{"sectionNotes":[],"typeOfSection":0,"lengthInSteps":16,"altAnim":false,"mustHitSection":true,"changeBPM":false,"bpm":140},null,null,null,null,null,null,null,null,null,null,null,null,{"sectionNotes":[],"typeOfSection":0,"lengthInSteps":16,"altAnim":false,"mustHitSection":true,"changeBPM":false,"bpm":140},null,null,null,null,null,null,null,null,null,null,null,null,{"sectionNotes":[],"typeOfSection":0,"lengthInSteps":16,"altAnim":false,"mustHitSection":true,"changeBPM":false,"bpm":140},null,null,null,null,null,null,null,null,null,null,null,null,null,{"sectionNotes":[],"typeOfSection":0,"lengthInSteps":16,"altAnim":false,"mustHitSection":true,"changeBPM":false,"bpm":140},null,null,null,null,null,null,null,null,null,null,null,null,{"sectionNotes":[],"typeOfSection":0,"lengthInSteps":16,"altAnim":false,"mustHitSection":true,"changeBPM":false,"bpm":140},null,null,null,null,null,null,null,null,null,null,null,null,null,null,null,null,null,null,null,null,null,null,null,null,null,null,null,null,null,null,null,null,null,null,null,null,null,null,null,null,null,null,null,null,null,null,null,null,null,null,null,null,null,null,null,null,null,null,null,null,null,null,null,null,null,null,null,null,null,null,null,null,null,null,null,null,null,null,null,null,null,null,null,null,null,null,null,null,null,null,null,null,null,null,null,null,null,null,null,null,null,null,null,null,null,null,{"sectionNotes":[],"typeOfSection":0,"lengthInSteps":16,"altAnim":false,"mustHitSection":true,"changeBPM":false,"bpm":140},null,null,null,null,null,null,null,null,null,null,null,null,null,null,null,null,null,null,null,null,null,null,null,null,null,null,{"sectionNotes":[],"typeOfSection":0,"lengthInSteps":16,"altAnim":false,"mustHitSection":true,"changeBPM":false,"bpm":140},null,null,null,null,null,null,null,null,null,null,null,null,null,null,null,null,null,null,null,null,null,null,null,null,null,null,null,null,null,null,null,null,null,null,null,null,null,null,null,null,null,null,null,null,null,null,null,null,null,null,null,null,null,null,null,null,null,null,null,null,null,null,null,null,null,null,null,null,null,null,null,null,null,null,null,null,null,null,null,null,null,null,null,null,null,null,null,null,null,null,null,null,null,null,null,null,null,null,null,null,null,null,null,null,null,null,null,null,null,null,null,null,null,null,null,null,null,null,null,null,null,null,null,null,null,null,null,null,null,null,null,null,null,null,null,null,null,null,null,null,null,null,null,null,null,null,null,null,null,null,null,null,null,null,null,null,null,null,null,null,null,null,null,null,null,null,null,null,null,null,null,null,null,null,null,null,null,null,null,null,null,null,null,null,null,null,null,null,null,null,null,null,null,null,null,null,null,null,null,null,null,null,null,null,null,null,null,null,null,null,null,null,null,null,null,null,null,null,null,null,null,null,null,null,null,null,null,null,null,null,null,null,null,null,null,null,null,null,null,null,null,null,null,null,null,null,null,null,null,null,null,null,null,null,null,null,null,null,null,null,null,null,null,null,null,null,null,null,null,null,null,null,null,null,null,null,null,null,null,null,null,null,null,null,null,null,null,{"sectionNotes":[],"typeOfSection":0,"lengthInSteps":16,"altAnim":false,"mustHitSection":true,"changeBPM":false,"bpm":140},null,null,null,null,null,null,{"sectionNotes":[],"typeOfSection":0,"lengthInSteps":16,"altAnim":false,"mustHitSection":true,"changeBPM":false,"bpm":140},null,null,null,null,null,{"sectionNotes":[],"typeOfSection":0,"lengthInSteps":16,"altAnim":false,"mustHitSection":true,"changeBPM":false,"bpm":140},null,null,null,null,null,null,{"sectionNotes":[],"typeOfSection":0,"lengthInSteps":16,"altAnim":false,"mustHitSection":true,"changeBPM":false,"bpm":140},null,null,null,null,null,null,null,null,null,null,null,null,{"sectionNotes":[],"typeOfSection":0,"lengthInSteps":16,"altAnim":false,"mustHitSection":true,"changeBPM":false,"bpm":140},null,null,null,null,null,null,null,null,null,null,null,null,null,{"sectionNotes":[],"typeOfSection":0,"lengthInSteps":16,"altAnim":false,"mustHitSection":true,"changeBPM":false,"bpm":140},null,null,null,null,null,null,null,null,null,null,null,null,{"sectionNotes":[],"typeOfSection":0,"lengthInSteps":16,"altAnim":false,"mustHitSection":true,"changeBPM":false,"bpm":140},null,null,null,null,null,null,null,null,null,null,null,null,null,null,null,null,null,null,null,null,null,null,null,null,null,null,{"sectionNotes":[],"typeOfSection":0,"lengthInSteps":16,"altAnim":false,"mustHitSection":true,"changeBPM":false,"bpm":140},null,null,null,null,null,null,null,null,null,null,null,null,null,null,null,null,null,null,null,null,null,null,null,null,null,null,{"sectionNotes":[],"typeOfSection":0,"lengthInSteps":16,"altAnim":false,"mustHitSection":true,"changeBPM":false,"bpm":140},null,null,null,null,null,null,null,null,null,null,null,null,null,null,null,null,null,null,null,null,null,null,null,null,null,null,null,null,null,null,null,null,null,null,null,null,null,null,null,{"sectionNotes":[],"typeOfSection":0,"lengthInSteps":16,"altAnim":false,"mustHitSection":true,"changeBPM":false,"bpm":140},null,null,null,null,null,null,null,null,null,null,null,null,{"sectionNotes":[],"typeOfSection":0,"lengthInSteps":16,"altAnim":false,"mustHitSection":true,"changeBPM":false,"bpm":140},null,null,null,null,null,null,null,null,null,null,null,null,null,{"sectionNotes":[],"typeOfSection":0,"lengthInSteps":16,"altAnim":false,"mustHitSection":true,"changeBPM":false,"bpm":140},null,null,null,null,null,null,null,null,null,null,null,null,{"sectionNotes":[],"typeOfSection":0,"lengthInSteps":16,"altAnim":false,"mustHitSection":true,"changeBPM":false,"bpm":140},null,null,null,null,null,null,null,null,null,null,null,null,null,{"sectionNotes":[],"typeOfSection":0,"lengthInSteps":16,"altAnim":false,"mustHitSection":true,"changeBPM":false,"bpm":140},null,null,null,null,null,null,null,null,null,null,null,null,{"sectionNotes":[],"typeOfSection":0,"lengthInSteps":16,"altAnim":false,"mustHitSection":true,"changeBPM":false,"bpm":140},null,null,null,null,null,null,null,null,null,null,null,null,null,null,null,null,null,null,null,null,null,null,null,null,null,null,{"sectionNotes":[],"typeOfSection":0,"lengthInSteps":16,"altAnim":false,"mustHitSection":true,"changeBPM":false,"bpm":140},null,null,null,null,null,null,null,null,null,null,null,null,null,null,null,null,null,null,null,null,null,null,null,null,null,null,{"sectionNotes":[],"typeOfSection":0,"lengthInSteps":16,"altAnim":false,"mustHitSection":true,"changeBPM":false,"bpm":140},null,null,null,null,null,null,null,null,null,null,null,null,{"sectionNotes":[],"typeOfSection":0,"lengthInSteps":16,"altAnim":false,"mustHitSection":true,"changeBPM":false,"bpm":140},null,null,null,null,null,null,null,null,null,null,null,null,{"sectionNotes":[],"typeOfSection":0,"lengthInSteps":16,"altAnim":false,"mustHitSection":true,"changeBPM":false,"bpm":140},null,null,null,null,null,null,null,null,null,null,null,null,null,null,null,null,null,null,null,null,null,null,null,null,null,null,{"sectionNotes":[],"typeOfSection":0,"lengthInSteps":16,"altAnim":false,"mustHitSection":true,"changeBPM":false,"bpm":140},null,null,null,null,null,null,null,null,null,null,null,null,{"sectionNotes":[],"typeOfSection":0,"lengthInSteps":16,"altAnim":false,"mustHitSection":true,"changeBPM":false,"bpm":140},null,null,null,null,null,null,null,null,null,null,null,null,null,{"sectionNotes":[],"typeOfSection":0,"lengthInSteps":16,"altAnim":false,"mustHitSection":true,"changeBPM":false,"bpm":140},null,null,null,null,null,null,null,null,null,null,null,null,{"sectionNotes":[],"typeOfSection":0,"lengthInSteps":16,"altAnim":false,"mustHitSection":true,"changeBPM":false,"bpm":140},null,null,null,null,null,null,null,null,null,null,null,null,null,{"sectionNotes":[],"typeOfSection":0,"lengthInSteps":16,"altAnim":false,"mustHitSection":true,"changeBPM":false,"bpm":140},null,null,null,null,null,null,null,null,null,null,null,null,null,null,null,null,null,null,null,null,null,null,null,null,null,{"sectionNotes":[],"typeOfSection":0,"lengthInSteps":16,"altAnim":false,"mustHitSection":true,"changeBPM":false,"bpm":140},null,null,null,null,null,null,null,null,null,null,null,null,null,null,null,null,null,null,null,null,null,null,null,null,null,null,null,null,null,null,null,null,null,null,null,null,null,null,null,null,null,null,null,null,null,null,null,null,null,null,null,null,null,null,null,null,null,null,null,null,null,null,null,null,null,null,null,null,null,null,null,null,null,null,null,null,null,null,null,null,null,null,null,null,null,null,null,null,null,null,null,null,null,null,null,null,null,null,null,null,null,null,null,null,null,null,null,null,null,null,null,null,null,null,null,null,null,null,null,null,null,null,null,null,null,null,null,null,null,null,null,null,null,null,null,null,null,null,null,null,null,null,null,null,null,null,null,null,null,null,null,null,null,null,null,null,null,null,null,null,null,null,null,null,null,null,null,null,null,null,null,null,null,null,null,null,null,null,null,null,null,null,null,null,null,null,null,null,null,null,null,null,null,null,null,null,null,null,null,null,null,null,null,null,null,null,null,null,null,null,null,null,null,null,null,null,null,null,null,null,null,null,null,null,null,null,null,null,null,null,null,null,null,null,null,null,null,null,null,null,null,null,null,null,null,null,null,null,null,null,null,null,null,null,null,null,null,null,null,null,null,null,null,null,null,null,null,null,null,null,null,null,null,null,null,null,null,null,null,null,null,null,null,null,null,null,null,null,null,null,null,null,null,null,null,null,null,null,null,null,null,null,null,null,null,null,null,null,null,null,null,null,null,null,null,null,null,null,null,null,null,null,null,null,null,null,null,null,null,null,null,null,null,null,null,null,null,null,null,null,null,null,null,null,null,null,null,null,null,null,null,null,null,null,null,null,null,null,null,null,null,null,null,null,null,null,null,null,null,null,null,null,null,null,null,null,null,null,null,null,null,null,null,null,null,null,null,null,null,null,null,null,null,null,null,null,null,null,null,null,null,null,null,null,null,null,null,null,null,null,null,null,null,null,null,null,null,null,null,null,null,null,null,null,null,null,null,null,{"sectionNotes":[],"typeOfSection":0,"lengthInSteps":16,"altAnim":false,"mustHitSection":true,"changeBPM":false,"bpm":140},null,null,null,null,null,null,null,null,null,null,null,null,{"sectionNotes":[],"typeOfSection":0,"lengthInSteps":16,"altAnim":false,"mustHitSection":true,"changeBPM":false,"bpm":140},null,null,null,null,null,null,null,null,null,null,null,null,null,{"sectionNotes":[],"typeOfSection":0,"lengthInSteps":16,"altAnim":false,"mustHitSection":true,"changeBPM":false,"bpm":140},null,null,null,null,null,null,null,null,null,null,null,null,{"sectionNotes":[],"typeOfSection":0,"lengthInSteps":16,"altAnim":false,"mustHitSection":true,"changeBPM":false,"bpm":140},null,null,null,null,null,null,null,null,null,null,null,null,null,{"sectionNotes":[],"typeOfSection":0,"lengthInSteps":16,"altAnim":false,"mustHitSection":true,"changeBPM":false,"bpm":140},null,null,null,null,null,null,null,null,null,null,null,null,{"sectionNotes":[],"typeOfSection":0,"lengthInSteps":16,"altAnim":false,"mustHitSection":true,"changeBPM":false,"bpm":140},null,null,null,null,null,null,null,null,null,null,null,null,{"sectionNotes":[],"typeOfSection":0,"lengthInSteps":16,"altAnim":false,"mustHitSection":true,"changeBPM":false,"bpm":140},null,null,null,null,null,null,null,null,null,null,null,null,null,{"sectionNotes":[],"typeOfSection":0,"lengthInSteps":16,"altAnim":false,"mustHitSection":true,"changeBPM":false,"bpm":140},null,null,null,null,null,{"sectionNotes":[],"typeOfSection":0,"lengthInSteps":16,"altAnim":false,"mustHitSection":true,"changeBPM":false,"bpm":140},null,null,null,null,null,null,{"sectionNotes":[],"typeOfSection":0,"lengthInSteps":16,"altAnim":false,"mustHitSection":true,"changeBPM":false,"bpm":140},null,null,null,null,null,null,{"sectionNotes":[],"typeOfSection":0,"lengthInSteps":16,"altAnim":false,"mustHitSection":true,"changeBPM":false,"bpm":140},null,null,null,null,null,null,{"sectionNotes":[],"typeOfSection":0,"lengthInSteps":16,"altAnim":false,"mustHitSection":true,"changeBPM":false,"bpm":140},null,null,null,null,null,null,null,null,null,null,null,null,{"sectionNotes":[],"typeOfSection":0,"lengthInSteps":16,"altAnim":false,"mustHitSection":true,"changeBPM":false,"bpm":140},null,null,null,null,null,null,null,null,null,null,null,null,{"sectionNotes":[],"typeOfSection":0,"lengthInSteps":16,"altAnim":false,"mustHitSection":true,"changeBPM":false,"bpm":140},null,null,null,null,null,null,null,null,null,null,null,null,null,{"sectionNotes":[],"typeOfSection":0,"lengthInSteps":16,"altAnim":false,"mustHitSection":true,"changeBPM":false,"bpm":140},null,null,null,null,null,{"sectionNotes":[],"typeOfSection":0,"lengthInSteps":16,"altAnim":false,"mustHitSection":true,"changeBPM":false,"bpm":140},null,null,null,null,null,null,{"sectionNotes":[],"typeOfSection":0,"lengthInSteps":16,"altAnim":false,"mustHitSection":true,"changeBPM":false,"bpm":140},null,null,null,null,null,null,null,null,null,null,null,null,null,{"sectionNotes":[],"typeOfSection":0,"lengthInSteps":16,"altAnim":false,"mustHitSection":true,"changeBPM":false,"bpm":140},null,null,null,null,null,null,null,null,null,null,null,null,null,null,null,null,null,null,null,{"sectionNotes":[],"typeOfSection":0,"lengthInSteps":16,"altAnim":false,"mustHitSection":true,"changeBPM":false,"bpm":140},null,null,null,{"sectionNotes":[],"typeOfSection":0,"lengthInSteps":16,"altAnim":false,"mustHitSection":true,"changeBPM":false,"bpm":140},null,{"sectionNotes":[],"typeOfSection":0,"lengthInSteps":16,"altAnim":false,"mustHitSection":true,"changeBPM":false,"bpm":140},null,null,null,null,null,null,null,null,null,null,null,null,null,null,null,null,null,null,null,{"sectionNotes":[],"typeOfSection":0,"lengthInSteps":16,"altAnim":false,"mustHitSection":true,"changeBPM":false,"bpm":140},null,null,null,null,null,null,{"sectionNotes":[],"typeOfSection":0,"lengthInSteps":16,"altAnim":false,"mustHitSection":true,"changeBPM":false,"bpm":140},null,null,null,null,null,null,null,null,null,null,null,null,{"sectionNotes":[],"typeOfSection":0,"lengthInSteps":16,"altAnim":false,"mustHitSection":true,"changeBPM":false,"bpm":140},null,null,null,null,null,null,null,null,null,null,null,null,null,{"sectionNotes":[],"typeOfSection":0,"lengthInSteps":16,"altAnim":false,"mustHitSection":true,"changeBPM":false,"bpm":140},null,null,null,null,null,null,null,null,null,null,null,null,{"sectionNotes":[],"typeOfSection":0,"lengthInSteps":16,"altAnim":false,"mustHitSection":true,"changeBPM":false,"bpm":140},null,null,null,null,null,null,{"sectionNotes":[],"typeOfSection":0,"lengthInSteps":16,"altAnim":false,"mustHitSection":true,"changeBPM":false,"bpm":140},null,null,null,null,null,null,{"sectionNotes":[],"typeOfSection":0,"lengthInSteps":16,"altAnim":false,"mustHitSection":true,"changeBPM":false,"bpm":140},null,null,null,null,null,null,null,null,null,null,null,null,{"sectionNotes":[],"typeOfSection":0,"lengthInSteps":16,"altAnim":false,"mustHitSection":true,"changeBPM":false,"bpm":140},null,null,null,null,null,null,null,null,null,null,null,null,{"sectionNotes":[],"typeOfSection":0,"lengthInSteps":16,"altAnim":false,"mustHitSection":true,"changeBPM":false,"bpm":140},null,null,null,null,null,null,{"sectionNotes":[],"typeOfSection":0,"lengthInSteps":16,"altAnim":false,"mustHitSection":true,"changeBPM":false,"bpm":140},null,null,null,null,null,null,{"sectionNotes":[],"typeOfSection":0,"lengthInSteps":16,"altAnim":false,"mustHitSection":true,"changeBPM":false,"bpm":140},null,null,null,null,null,null,null,null,null,null,null,null,{"sectionNotes":[],"typeOfSection":0,"lengthInSteps":16,"altAnim":false,"mustHitSection":true,"changeBPM":false,"bpm":140},null,null,null,null,null,null,null,null,null,null,null,null,null,{"sectionNotes":[],"typeOfSection":0,"lengthInSteps":16,"altAnim":false,"mustHitSection":true,"changeBPM":false,"bpm":140},null,null,null,null,null,null,null,null,null,null,null,null,{"sectionNotes":[],"typeOfSection":0,"lengthInSteps":16,"altAnim":false,"mustHitSection":true,"changeBPM":false,"bpm":140},null,null,null,null,null,null,{"sectionNotes":[],"typeOfSection":0,"lengthInSteps":16,"altAnim":false,"mustHitSection":true,"changeBPM":false,"bpm":140},null,null,null,null,null,{"sectionNotes":[],"typeOfSection":0,"lengthInSteps":16,"altAnim":false,"mustHitSection":true,"changeBPM":false,"bpm":140},null,null,null,null,null,null,{"sectionNotes":[],"typeOfSection":0,"lengthInSteps":16,"altAnim":false,"mustHitSection":true,"changeBPM":false,"bpm":140},null,null,null,null,null,null,{"sectionNotes":[],"typeOfSection":0,"lengthInSteps":16,"altAnim":false,"mustHitSection":true,"changeBPM":false,"bpm":140},null,null,null,null,null,{"sectionNotes":[],"typeOfSection":0,"lengthInSteps":16,"altAnim":false,"mustHitSection":true,"changeBPM":false,"bpm":140},null,null,null,null,null,null,{"sectionNotes":[],"typeOfSection":0,"lengthInSteps":16,"altAnim":false,"mustHitSection":true,"changeBPM":false,"bpm":140},null,null,null,null,null,null,{"sectionNotes":[],"typeOfSection":0,"lengthInSteps":16,"altAnim":false,"mustHitSection":true,"changeBPM":false,"bpm":140},null,null,null,null,null,null,{"sectionNotes":[],"typeOfSection":0,"lengthInSteps":16,"altAnim":false,"mustHitSection":true,"changeBPM":false,"bpm":140},null,null,null,null,null,null,null,null,null,null,null,null,null,null,null,null,null,null,null,null,null,null,null,null,null,{"sectionNotes":[],"typeOfSection":0,"lengthInSteps":16,"altAnim":false,"mustHitSection":true,"changeBPM":false,"bpm":140},null,null,null,null,null,null,null,null,null,null,null,null,null,{"sectionNotes":[],"typeOfSection":0,"lengthInSteps":16,"altAnim":false,"mustHitSection":true,"changeBPM":false,"bpm":140},null,null,null,null,null,{"sectionNotes":[],"typeOfSection":0,"lengthInSteps":16,"altAnim":false,"mustHitSection":true,"changeBPM":false,"bpm":140},null,null,null,null,null,null,{"sectionNotes":[],"typeOfSection":0,"lengthInSteps":16,"altAnim":false,"mustHitSection":true,"changeBPM":false,"bpm":140},null,null,null,null,null,null,null,null,null,null,null,null,null,{"sectionNotes":[],"typeOfSection":0,"lengthInSteps":16,"altAnim":false,"mustHitSection":true,"changeBPM":false,"bpm":140},null,null,null,null,null,null,null,null,null,null,null,null,{"sectionNotes":[],"typeOfSection":0,"lengthInSteps":16,"altAnim":false,"mustHitSection":true,"changeBPM":false,"bpm":140},null,null,null,null,null,null,null,null,null,null,null,null,{"sectionNotes":[],"typeOfSection":0,"lengthInSteps":16,"altAnim":false,"mustHitSection":true,"changeBPM":false,"bpm":140},null,null,null,null,null,null,{"sectionNotes":[],"typeOfSection":0,"lengthInSteps":16,"altAnim":false,"mustHitSection":true,"changeBPM":false,"bpm":140},null,null,null,null,null,null,{"sectionNotes":[],"typeOfSection":0,"lengthInSteps":16,"altAnim":false,"mustHitSection":true,"changeBPM":false,"bpm":140},null,null,null,null,null,{"sectionNotes":[],"typeOfSection":0,"lengthInSteps":16,"altAnim":false,"mustHitSection":true,"changeBPM":false,"bpm":140},null,null,null,null,null,null,{"sectionNotes":[],"typeOfSection":0,"lengthInSteps":16,"altAnim":false,"mustHitSection":true,"changeBPM":false,"bpm":140},null,null,null,null,null,null,null,null,null,null,null,null,null,{"sectionNotes":[],"typeOfSection":0,"lengthInSteps":16,"altAnim":false,"mustHitSection":true,"changeBPM":false,"bpm":140},null,null,null,null,null,null,null,null,null,null,null,null,{"sectionNotes":[],"typeOfSection":0,"lengthInSteps":16,"altAnim":false,"mustHitSection":true,"changeBPM":false,"bpm":140},null,null,null,null,null,null,null,null,null,null,null,null,{"sectionNotes":[],"typeOfSection":0,"lengthInSteps":16,"altAnim":false,"mustHitSection":true,"changeBPM":false,"bpm":140},null,null,null,null,null,null,null,null,null,null,null,null,null,{"sectionNotes":[],"typeOfSection":0,"lengthInSteps":16,"altAnim":false,"mustHitSection":true,"changeBPM":false,"bpm":140},null,null,null,null,null,null,null,null,null,null,null,null,{"sectionNotes":[],"typeOfSection":0,"lengthInSteps":16,"altAnim":false,"mustHitSection":true,"changeBPM":false,"bpm":140},null,null,null,null,null,null,null,null,null,null,null,null,null,null,null,null,null,null,null,null,null,null,null,null,null,null,{"sectionNotes":[],"typeOfSection":0,"lengthInSteps":16,"altAnim":false,"mustHitSection":true,"changeBPM":false,"bpm":140},null,null,null,null,null,null,null,null,null,null,null,null,null,null,null,null,null,null,null,null,null,null,null,null,null,null,{"sectionNotes":[],"typeOfSection":0,"lengthInSteps":16,"altAnim":false,"mustHitSection":true,"changeBPM":false,"bpm":140},null,null,null,null,null,null,null,null,null,null,null,null,{"sectionNotes":[],"typeOfSection":0,"lengthInSteps":16,"altAnim":false,"mustHitSection":true,"changeBPM":false,"bpm":140},null,null,null,null,null,null,null,null,null,null,null,null,null,null,null,null,null,null,null,null,null,null,null,null,null,null,{"sectionNotes":[],"typeOfSection":0,"lengthInSteps":16,"altAnim":false,"mustHitSection":true,"changeBPM":false,"bpm":140},null,null,null,null,null,null,null,null,null,null,null,null,{"sectionNotes":[],"typeOfSection":0,"lengthInSteps":16,"altAnim":false,"mustHitSection":true,"changeBPM":false,"bpm":140},null,null,null,null,null,null,null,null,null,null,null,null,null,{"sectionNotes":[],"typeOfSection":0,"lengthInSteps":16,"altAnim":false,"mustHitSection":true,"changeBPM":false,"bpm":140},null,null,null,null,null,null,null,null,null,null,null,null,{"sectionNotes":[],"typeOfSection":0,"lengthInSteps":16,"altAnim":false,"mustHitSection":true,"changeBPM":false,"bpm":140},null,null,null,null,null,null,null,null,null,null,null,null,{"sectionNotes":[],"typeOfSection":0,"lengthInSteps":16,"altAnim":false,"mustHitSection":true,"changeBPM":false,"bpm":140},null,null,null,null,null,null,null,null,null,null,null,null,null,null,null,null,null,null,null,null,null,null,null,null,null,null,{"sectionNotes":[],"typeOfSection":0,"lengthInSteps":16,"altAnim":false,"mustHitSection":true,"changeBPM":false,"bpm":140},null,null,null,null,null,null,null,null,null,null,null,null,null,null,null,null,null,null,null,null,null,null,null,null,null,null,{"sectionNotes":[],"typeOfSection":0,"lengthInSteps":16,"altAnim":false,"mustHitSection":true,"changeBPM":false,"bpm":140},null,null,null,null,null,null,null,null,null,null,null,null,null,null,null,null,null,null,null,null,null,null,null,null,null,null,null,null,null,null,null,null,{"sectionNotes":[],"typeOfSection":0,"lengthInSteps":16,"altAnim":false,"mustHitSection":true,"changeBPM":false,"bpm":140},null,null,null,null,null,null,{"sectionNotes":[],"typeOfSection":0,"lengthInSteps":16,"altAnim":false,"mustHitSection":true,"changeBPM":false,"bpm":140},null,null,null,null,null,null,null,null,null,null,null,null,null,null,null,null,null,null,null,null,null,null,null,null,null,null,null,null,null,null,null,null,null,null,null,null,null,null,null,null,null,null,null,null,null,null,null,null,null,null,null,null,null,null,null,null,null,null,null,null,null,null,null,null,null,null,null,null,null,null,null,null,null,null,null,null,null,null,null,null,null,null,null,null,null,null,null,null,null,null,null,null,null,null,null,null,null,null,null,null,null,null,null,null,null,null,null,null,null,null,null,null,null,null,null,null,null,null,null,null,null,null,null,null,null,null,null,null,null,null,null,null,null,{"sectionNotes":[],"typeOfSection":0,"lengthInSteps":16,"altAnim":false,"mustHitSection":true,"changeBPM":false,"bpm":140},null,null,null,null,null,null,null,null,null,null,null,null,null,null,null,null,null,null,null,null,null,null,null,null,null,null,null,null,null,null,null,null,null,null,null,null,null,null,null,null,null,null,null,null,null,null,null,null,null,null,null,null,null,{"sectionNotes":[],"typeOfSection":0,"lengthInSteps":16,"altAnim":false,"mustHitSection":true,"changeBPM":false,"bpm":140},null,null,null,null,null,null,null,null,null,null,null,null,null,null,null,null,null,null,null,null,null,null,null,null,null,null,null,null,null,null,null,null,null,null,null,null,null,null,null,null,null,null,null,null,null,null,null,null,null,null,null,null,null,null,null,null,null,null,null,null,null,null,null,null,null,null,null,null,null,null,null,null,null,null,null,null,null,null,null,{"lengthInSteps":16,"altAnim":false,"typeOfSection":0,"sectionNotes":[],"bpm":140,"changeBPM":false,"mustHitSection":true},null,null,null,null,null,null,null,null,null,null,null,null,null,null,null,null,null,null,null,null,null,null,null,null,null,null,null,null,null,null,null,null,null,null,null,null,null,null,null,null,null,null,null,null,null,null,null,null,null,null,null,null,null,null,null,null,null,null,null,null,null,null,null,null,null,null,null,null,null,null,null,null,null,null,null,null,null,null,null,null,null,null,null,null,null,null,{"lengthInSteps":16,"altAnim":false,"typeOfSection":0,"sectionNotes":[],"bpm":140,"changeBPM":false,"mustHitSection":true},null,null,null,null,null,null,null,null,null,null,null,null,null,null,null,null,null,null,null,null,null,null,null,null,null,null,null,null,null,null,null,null,null,null,null,null,null,null,null,null,null,null,null,null,null,null,null,null,null,null,null,null,null,null,null,null,null,null,null,null,null,null,null,null,null,null,null,null,null,null,null,null,null,null,null,null,null,null,null,null,null,null,null,null,null,null,null,null,null,null,null,null,null,null,null,null,null,null,null,null,null,null,null,null,null,null,null,null,null,null,null,null,null,null,null,null,null,null,null,null,null,null,null,null,null,null,null,null,null,null,null,null,null,null,null,null,null,null,null,null,null,null,null,null,null,null,null,null,null,null,null,null,null,null,null,null,null,null,null,null,null,null,null,null,null,null,null,null,null,null,null,null,null,null,null,null,null,null,null,null,null,null,null,null,null,null,null,null,null,null,null,null,null,null,null,null,null,null,null,null,null,null,null,null,null,null,null,null,null,null,null,null,null,null,null,null,null,null,null,null,null,null,null,null,null,null,null,null,null,null,null,null,null,null,null,null,null,null,null,null,null,null,null,null,null,null,null,null,null,null,null,null,null,null,null,null,null,null,null,null,null,null,null,null,null,null,null,null,null,null,null,null,null,null,null,null,null,null,null,null,null,null,null,null,null,null,null,null,null,null,null,null,null,null,null,null,null,null,null,null,null,null,null,null,null,null,null,null,null,null,null,null,null,null,null,null,null,null,null,null,null,null,null,null,null,null,null,null,null,null,null,null,null,null,null,null,null,null,null,null,null,{"lengthInSteps":16,"altAnim":false,"typeOfSection":0,"sectionNotes":[],"bpm":140,"changeBPM":false,"mustHitSection":true},null,null,null,null,null,null,null,null,null,null,null,null,null,null,null,null,null,null,null,null,null,null,null,null,null,null,null,null,null,null,null,null,null,null,null,null,null,null,null,null,null,null,null,null,null,null,null,null,null,null,null,null,null,null,null,null,null,null,null,null,null,null,null,null,null,null,null,null,null,null,null,null,null,null,null,null,null,null,null,null,null,null,null,null,null,null,null,null,null,null,null,null,null,null,null,null,null,null,null,null,null,null,null,null,null,null,null,null,null,null,null,null,null,null,null,null,null,null,null,null,null,null,null,null,null,null,null,null,null,null,null,null,null,null,null,null,null,null,null,null,null,null,null,null,null,null,null,null,null,null,null,null,null,null,null,null,null,null,null,null,null,null,null,null,null,null,null,null,null,null,null,null,null,null,null,null,null,null,null,null,null,null,null,null,null,null,null,null,null,null,null,null,null,null,null,null,null,null,null,null,null,null,null,null,null,null,null,null,null,null,null,null,null,null,null,null,null,null,null,null,null,null,null,null,null,null,null,null,null,null,null,null,null,null,null,null,null,null,null,null,null,null,null,null,null,null,null,null,null,null,null,null,null,null,null,null,null,null,null,null,null,null,null,null,null,null,null,null,null,null,null,null,null,null,null,null,null,null,null,null,null,null,null,null,null,null,null,{"lengthInSteps":16,"altAnim":false,"typeOfSection":0,"sectionNotes":[],"bpm":140,"changeBPM":false,"mustHitSection":true},null,null,null,null,null,{"lengthInSteps":16,"altAnim":false,"typeOfSection":0,"sectionNotes":[],"bpm":140,"changeBPM":false,"mustHitSection":true},null,null,null,null,null,null,{"lengthInSteps":16,"altAnim":false,"typeOfSection":0,"sectionNotes":[],"bpm":140,"changeBPM":false,"mustHitSection":true},null,null,null,null,null,null,null,null,null,null,null,null,null,null,null,null,null,null,null,null,null,null,null,null,null,null,{"lengthInSteps":16,"altAnim":false,"typeOfSection":0,"sectionNotes":[],"bpm":140,"changeBPM":false,"mustHitSection":true},null,null,null,null,null,null,null,null,null,null,null,null,null,null,null,null,null,null,null,null,null,null,null,null,null,null,null,null,null,null,null,null,null,null,null,null,null,null,null,null,null,null,null,null,null,null,null,null,null,null,null,null,null,null,null,null,null,null,null,null,null,null,null,null,null,null,null,null,null,null,null,null,{"lengthInSteps":16,"altAnim":false,"typeOfSection":0,"sectionNotes":[],"bpm":140,"changeBPM":false,"mustHitSection":true},null,null,null,null,null,null,null,null,null,null,null,null,null,null,null,null,null,null,null,null,null,null,null,null,null,null,null,null,null,null,null,null,null,null,null,null,null,null,null,null,null,null,null,null,null,null,null,null,null,null,null,null,null,null,null,null,null,null,null,null,null,null,null,null,null,null,null,null,null,null,null,null,null,null,null,null,null,null,null,null,null,null,null,null,null,null,null,null,null,null,null,null,null,null,null,null,null,null,null,null,null,null,null,null,null,null,null,null,null,null,null,null,null,null,null,null,null,null,null,null,null,null,null,null,null,null,null,null,null,null,null,null,null,null,null,null,null,null,null,null,null,null,null,null,null,null,null,null,null,null,null,null,null,null,null,null,null,null,null,null,null,null,null,null,null,null,null,null,null,null,null,null,null,null,null,null,null,null,null,null,null,null,null,null,null,null,null,null,null,null,null,null,null,null,null,null,null,null,null,null,null,null,null,null,null,null,null,null,null,null,null,null,null,null,null,null,null,null,null,null,null,null,null,null,null,null,null,null,null,null,null,null,null,null,null,null,null,null,null,null,null,null,null,null,null,null,null,null,null,null,null,null,null,null,null,null,null,null,null,null,null,null,null,null,null,null,null,null,null,null,null,null,null,null,null,null,null,null,null,null,null,null,null,null,null,null,null,null,null,null,null,null,null,null,null,null,null,null,null,null,null,null,null,null,null,null,null,null,null,null,null,null,null,null,null,null,null,null,null,null,null,null,null,null,null,null,null,null,null,null,null,null,null,null,null,null,null,null,null,null,null,null,null,null,null,null,null,null,null,null,null,null,null,null,null,null,null,null,null,null,null,null,null,null,null,null,null,null,null,null,null,null,null,null,null,null,null,null,null,null,null,null,null,null,null,null,null,null,null,null,null,null,null,null,null,null,null,null,null,null,null,null,null,null,null,null,null,null,null,null,null,null,null,null,null,null,null,null,null,null,null,null,null,null,null,null,null,null,null,null,null,null,null,null,null,{"sectionNotes":[],"typeOfSection":0,"lengthInSteps":16,"altAnim":false,"mustHitSection":true,"changeBPM":false,"bpm":140},null,null,null,null,null,null,null,null,null,null,null,null,null,null,null,null,null,null,null,null,null,null,null,null,null,null,null,null,null,null,null,null,{"lengthInSteps":16,"altAnim":false,"typeOfSection":0,"sectionNotes":[],"bpm":140,"changeBPM":false,"mustHitSection":true},null,null,null,null,null,null,null,null,null,null,null,null,null,{"lengthInSteps":16,"altAnim":false,"typeOfSection":0,"sectionNotes":[],"bpm":140,"changeBPM":false,"mustHitSection":true},null,null,null,null,null,null,null,null,null,null,null,null,{"lengthInSteps":16,"altAnim":false,"typeOfSection":0,"sectionNotes":[],"bpm":140,"changeBPM":false,"mustHitSection":true},null,null,null,null,null,null,null,null,null,null,null,null,{"lengthInSteps":16,"altAnim":false,"typeOfSection":0,"sectionNotes":[],"bpm":140,"changeBPM":false,"mustHitSection":true},null,null,null,null,null,null,null,null,null,null,null,null,null,{"lengthInSteps":16,"altAnim":false,"typeOfSection":0,"sectionNotes":[],"bpm":140,"changeBPM":false,"mustHitSection":true},null,null,null,null,null,null,null,null,null,null,null,null,{"lengthInSteps":16,"altAnim":false,"typeOfSection":0,"sectionNotes":[],"bpm":140,"changeBPM":false,"mustHitSection":true},null,null,null,null,null,null,null,null,null,null,null,null,null,null,null,null,null,null,null,null,null,null,null,null,null,null,null,null,null,null,null,null,null,null,null,null,null,null,null,null,null,null,null,null,null,null,null,null,null,null,null,null,null,null,null,null,null,null,null,null,null,null,null,null,null,null,null,null,null,null,null,null,null,null,null,null,null,null,null,null,null,null,null,null,null,null,null,null,null,null,null,null,null,null,null,null,null,null,null,null,null,null,null,null,null,null,null,null,null,null,null,null,null,null,null,null,null,null,null,null,null,null,null,null,null,null,null,null,null,null,null,null,null,null,null,null,null,null,null,null,null,null,null,null,null,null,null,null,null,null,null,null,null,null,null,null,null,null,null,null,{"lengthInSteps":16,"altAnim":false,"typeOfSection":0,"sectionNotes":[],"bpm":140,"changeBPM":false,"mustHitSection":true},null,null,null,null,null,{"lengthInSteps":16,"altAnim":false,"typeOfSection":0,"sectionNotes":[],"bpm":140,"changeBPM":false,"mustHitSection":true},null,null,null,null,null,null,null,null,null,null,null,null,null,{"lengthInSteps":16,"altAnim":false,"typeOfSection":0,"sectionNotes":[],"bpm":140,"changeBPM":false,"mustHitSection":true},null,null,null,null,null,null,{"lengthInSteps":16,"altAnim":false,"typeOfSection":0,"sectionNotes":[],"bpm":140,"changeBPM":false,"mustHitSection":true},null,null,null,null,null,null,null,null,null,null,null,null,{"lengthInSteps":16,"altAnim":false,"typeOfSection":0,"sectionNotes":[],"bpm":140,"changeBPM":false,"mustHitSection":true},null,null,null,null,null,null,null,null,null,null,null,null,{"lengthInSteps":16,"altAnim":false,"typeOfSection":0,"sectionNotes":[],"bpm":140,"changeBPM":false,"mustHitSection":true},null,null,null,null,null,null,null,null,null,null,null,null,null,null,null,null,null,null,null,null,null,null,null,null,null,null,null,null,null,null,null,null,null,null,null,null,null,null,null,null,null,null,null,null,null,null,{"lengthInSteps":16,"altAnim":false,"typeOfSection":0,"sectionNotes":[],"bpm":140,"changeBPM":false,"mustHitSection":true}],"events":[],"gfVersion":"gf","sectionLength":4,"song":"Scratch","needsVoices":true,"validScore":true,"bpm":140,"speed":1.5,"noteTypes":["Default Note"]}}