<?xml version='1.0' encoding='utf-8'?>
<TextureAtlas imagePath="pico.png"><SubTexture name=" idle0000" x="0" y="0" width="435" height="485" frameX="0" frameY="0" frameWidth="435" frameHeight="485" />
<SubTexture name=" idle0001" x="435" y="0" width="435" height="485" frameX="0" frameY="0" frameWidth="435" frameHeight="485" />
<SubTexture name=" idle0002" x="870" y="0" width="435" height="485" frameX="0" frameY="0" frameWidth="435" frameHeight="485" />
<SubTexture name=" idle0003" x="0" y="485" width="435" height="485" frameX="0" frameY="0" frameWidth="435" frameHeight="485" />
<SubTexture name=" idle0004" x="435" y="485" width="435" height="485" frameX="0" frameY="0" frameWidth="435" frameHeight="485" />
<SubTexture name=" down0000" x="870" y="485" width="435" height="485" frameX="0" frameY="0" frameWidth="435" frameHeight="485" />
<SubTexture name=" down0001" x="0" y="970" width="435" height="485" frameX="0" frameY="0" frameWidth="435" frameHeight="485" />
<SubTexture name=" left0000" x="435" y="970" width="435" height="485" frameX="0" frameY="0" frameWidth="435" frameHeight="485" />
<SubTexture name=" left0001" x="870" y="970" width="435" height="485" frameX="0" frameY="0" frameWidth="435" frameHeight="485" />
<SubTexture name=" right0000" x="0" y="1455" width="435" height="485" frameX="0" frameY="0" frameWidth="435" frameHeight="485" />
<SubTexture name=" right0001" x="435" y="1455" width="435" height="485" frameX="0" frameY="0" frameWidth="435" frameHeight="485" />
<SubTexture name=" up0000" x="870" y="1455" width="435" height="485" frameX="0" frameY="0" frameWidth="435" frameHeight="485" />
<SubTexture name=" up0001" x="0" y="1940" width="435" height="485" frameX="0" frameY="0" frameWidth="435" frameHeight="485" />
</TextureAtlas>
