{
	"arrowColors": [
		"#FEA925",
		"#FFFFFF",
		"#FAB205",
		"#FFFFFF"
	],
	"camOffset": {
		"x": 0,
		"y": 0
	},
	"globalOffset": {
		"x": -40,
		"y": 273
	},
	"healthbarColor": "#FFAB19",
	"flipX": false,
	"anims": [
		{
			"indices": null,
			"x": 0,
			"y": 0,
			"anim": " idle",
			"loop": false,
			"name": "idle",
			"framerate": 24
		},
		{
			"indices": null,
			"x": 0,
			"y": 0,
			"anim": " down",
			"loop": false,
			"name": "singDOWN",
			"framerate": 24
		},
		{
			"indices": null,
			"x": 0,
			"y": 0,
			"anim": " right",
			"loop": false,
			"name": "singRIGHT",
			"framerate": 24
		},
		{
			"indices": null,
			"x": 0,
			"y": 0,
			"anim": " up",
			"loop": false,
			"name": "singUP",
			"framerate": 24
		},
		{
			"indices": null,
			"x": 0,
			"y": 0,
			"anim": " left",
			"loop": false,
			"name": "singLEFT",
			"framerate": 24
		}
	],
	"danceSteps": [
		"idle"
	],
	"antialiasing": true,
	"healthIconSteps": [
		[
			20,
			0
		],
		[
			0,
			1
		]
	],
	"scale": 1
}