<?xml version='1.0' encoding='utf-8'?>
<TextureAtlas imagePath="scratch cat.png"><SubTexture name=" idle0000" x="0" y="0" width="464" height="504" frameX="0" frameY="0" frameWidth="464" frameHeight="504" />
<SubTexture name=" idle0001" x="464" y="0" width="464" height="504" frameX="0" frameY="0" frameWidth="464" frameHeight="504" />
<SubTexture name=" idle0002" x="928" y="0" width="464" height="504" frameX="0" frameY="0" frameWidth="464" frameHeight="504" />
<SubTexture name=" idle0003" x="1392" y="0" width="464" height="504" frameX="0" frameY="0" frameWidth="464" frameHeight="504" />
<SubTexture name=" idle0004" x="0" y="504" width="464" height="504" frameX="0" frameY="0" frameWidth="464" frameHeight="504" />
<SubTexture name=" down0000" x="464" y="504" width="464" height="504" frameX="0" frameY="0" frameWidth="464" frameHeight="504" />
<SubTexture name=" down0001" x="928" y="504" width="464" height="504" frameX="0" frameY="0" frameWidth="464" frameHeight="504" />
<SubTexture name=" down0002" x="1392" y="504" width="464" height="504" frameX="0" frameY="0" frameWidth="464" frameHeight="504" />
<SubTexture name=" right0000" x="0" y="1008" width="464" height="504" frameX="0" frameY="0" frameWidth="464" frameHeight="504" />
<SubTexture name=" right0001" x="464" y="1008" width="464" height="504" frameX="0" frameY="0" frameWidth="464" frameHeight="504" />
<SubTexture name=" right0002" x="928" y="1008" width="464" height="504" frameX="0" frameY="0" frameWidth="464" frameHeight="504" />
<SubTexture name=" up0000" x="1392" y="1008" width="464" height="504" frameX="0" frameY="0" frameWidth="464" frameHeight="504" />
<SubTexture name=" up0001" x="0" y="1512" width="464" height="504" frameX="0" frameY="0" frameWidth="464" frameHeight="504" />
<SubTexture name=" up0002" x="464" y="1512" width="464" height="504" frameX="0" frameY="0" frameWidth="464" frameHeight="504" />
<SubTexture name=" left0000" x="928" y="1512" width="464" height="504" frameX="0" frameY="0" frameWidth="464" frameHeight="504" />
<SubTexture name=" left0001" x="1392" y="1512" width="464" height="504" frameX="0" frameY="0" frameWidth="464" frameHeight="504" />
<SubTexture name=" left0002" x="0" y="2016" width="464" height="504" frameX="0" frameY="0" frameWidth="464" frameHeight="504" />
</TextureAtlas>
