{
	"arrowColors": [
		"#1BE901",
		"#00FF00",
		"#00FF00",
		"#00E500"
	],
	"camOffset": {
		"x": 0,
		"y": 0
	},
	"globalOffset": {
		"x": -20,
		"y": 160
	},
	"healthbarColor": "#CECECE",
	"flipX": false,
	"anims": [
		{
			"indices": null,
			"x": 0,
			"y": 0,
			"anim": "Rob idle",
			"loop": false,
			"name": "idle",
			"framerate": 24
		},
		{
			"indices": null,
			"x": 34,
			"y": 3,
			"anim": "Rob down",
			"loop": false,
			"name": "singDOWN",
			"framerate": 24
		},
		{
			"indices": null,
			"x": -25,
			"y": 6,
			"anim": "Rob right",
			"loop": false,
			"name": "singRIGHT",
			"framerate": 24
		},
		{
			"indices": null,
			"x": 46,
			"y": 0,
			"anim": "Rob left",
			"loop": false,
			"name": "singLEFT",
			"framerate": 24
		},
		{
			"indices": null,
			"x": 31,
			"y": 4,
			"anim": "Rob up",
			"loop": false,
			"name": "singUP",
			"framerate": 24
		}
	],
	"danceSteps": [
		"idle"
	],
	"antialiasing": true,
	"healthIconSteps": [
		[
			20,
			0
		],
		[
			0,
			1
		]
	],
	"scale": 1
}