<?xml version='1.0' encoding='utf-8'?>
<TextureAtlas imagePath="Rob.png">
<SubTexture name="Rob down0000" x="2574" y="0" width="481" height="583" frameX="-8" frameY="-34" frameWidth="500" frameHeight="620" />
<SubTexture name="Rob down0001" x="1841" y="1839" width="479" height="592" frameX="-7" frameY="-25" frameWidth="500" frameHeight="620" />
<SubTexture name="Rob down0002" x="1368" y="1839" width="473" height="602" frameX="-9" frameY="-16" frameWidth="500" frameHeight="620" />
<SubTexture name="Rob down0003" x="1651" y="0" width="474" height="612" frameX="-8" frameY="-6" frameWidth="500" frameHeight="620" />
<SubTexture name="Rob idle0000" x="1239" y="613" width="378" height="608" frameX="-35" frameY="-8" frameWidth="430" frameHeight="620" />
<SubTexture name="Rob idle0001" x="2125" y="612" width="384" height="611" frameX="-19" frameY="-5" frameWidth="430" frameHeight="620" />
<SubTexture name="Rob idle0002" x="835" y="0" width="404" height="613" frameX="-12" frameY="-3" frameWidth="430" frameHeight="620" />
<SubTexture name="Rob idle0003" x="0" y="614" width="415" height="613" frameX="-8" frameY="-3" frameWidth="430" frameHeight="620" />
<SubTexture name="Rob idle0004" x="1651" y="612" width="424" height="612" frameX="-4" frameY="-3" frameWidth="430" frameHeight="620" />
<SubTexture name="Rob idle0005" x="0" y="1227" width="429" height="612" frameX="-1" frameY="-3" frameWidth="430" frameHeight="620" />
<SubTexture name="Rob left0000" x="455" y="1839" width="470" height="610" frameX="-4" frameY="-4" frameWidth="490" frameHeight="630" />
<SubTexture name="Rob left0001" x="415" y="614" width="466" height="613" frameX="-17" frameY="-2" frameWidth="490" frameHeight="630" />
<SubTexture name="Rob left0002" x="429" y="1227" width="459" height="612" frameX="-25" frameY="-3" frameWidth="490" frameHeight="630" />
<SubTexture name="Rob left0003" x="0" y="1839" width="455" height="611" frameX="-32" frameY="-4" frameWidth="490" frameHeight="630" />
<SubTexture name="Rob right0000" x="1239" y="0" width="412" height="613" frameX="-23" frameY="-7" frameWidth="450" frameHeight="630" />
<SubTexture name="Rob right0001" x="0" y="0" width="417" height="614" frameX="-17" frameY="-7" frameWidth="450" frameHeight="630" />
<SubTexture name="Rob right0002" x="417" y="0" width="418" height="614" frameX="-15" frameY="-7" frameWidth="450" frameHeight="630" />
<SubTexture name="Rob right0003" x="888" y="1227" width="423" height="612" frameX="-10" frameY="-9" frameWidth="450" frameHeight="630" />
<SubTexture name="Rob up0000" x="2125" y="1223" width="423" height="610" frameX="-15" frameY="-8" frameWidth="475" frameHeight="620" />
<SubTexture name="Rob up0001" x="1311" y="1227" width="439" height="612" frameX="-15" frameY="-7" frameWidth="475" frameHeight="620" />
<SubTexture name="Rob up0002" x="925" y="1839" width="443" height="610" frameX="-15" frameY="-9" frameWidth="475" frameHeight="620" />
<SubTexture name="Rob up0003" x="2125" y="0" width="449" height="612" frameX="-15" frameY="-7" frameWidth="475" frameHeight="620" />
</TextureAtlas>
