<?xml version='1.0' encoding='utf-8'?>
<TextureAtlas imagePath="jr.png">
<SubTexture name="jr down0000" x="1073" y="399" width="266" height="398" frameX="-2" frameY="-1" frameWidth="270" frameHeight="400" />
<SubTexture name="jr down0001" x="824" y="819" width="264" height="397" frameX="-2" frameY="-2" frameWidth="270" frameHeight="400" />
<SubTexture name="jr down0002" x="1088" y="819" width="263" height="396" frameX="-2" frameY="-3" frameWidth="270" frameHeight="400" />
<SubTexture name="jr idle0000" x="1351" y="0" width="275" height="396" frameX="-5" frameY="-4" frameWidth="280" frameHeight="400" />
<SubTexture name="jr idle0001" x="0" y="1217" width="277" height="396" frameX="-2" frameY="-4" frameWidth="280" frameHeight="400" />
<SubTexture name="jr idle0002" x="0" y="819" width="278" height="398" frameX="-1" frameY="-2" frameWidth="280" frameHeight="400" />
<SubTexture name="jr idle0003" x="1073" y="0" width="278" height="399" frameX="-1" frameY="-1" frameWidth="280" frameHeight="400" />
<SubTexture name="jr idle0004" x="541" y="413" width="277" height="400" frameX="-1" frameY="0" frameWidth="280" frameHeight="400" />
<SubTexture name="jr left0000" x="0" y="0" width="265" height="413" frameX="-3" frameY="-3" frameWidth="280" frameHeight="420" />
<SubTexture name="jr left0001" x="265" y="0" width="271" height="409" frameX="-4" frameY="-7" frameWidth="280" frameHeight="420" />
<SubTexture name="jr left0002" x="804" y="0" width="269" height="406" frameX="-9" frameY="-10" frameWidth="280" frameHeight="420" />
<SubTexture name="jr right0000" x="277" y="1217" width="280" height="395" frameX="-3" frameY="-5" frameWidth="285" frameHeight="400" />
<SubTexture name="jr right0001" x="278" y="819" width="275" height="398" frameX="-3" frameY="-2" frameWidth="285" frameHeight="400" />
<SubTexture name="jr right0002" x="553" y="819" width="271" height="398" frameX="-3" frameY="-2" frameWidth="285" frameHeight="400" />
<SubTexture name="jr up0000" x="536" y="0" width="268" height="407" frameX="-12" frameY="-2" frameWidth="280" frameHeight="410" />
<SubTexture name="jr up0001" x="0" y="413" width="270" height="406" frameX="-10" frameY="-3" frameWidth="280" frameHeight="410" />
<SubTexture name="jr up0002" x="270" y="413" width="271" height="402" frameX="-8" frameY="-6" frameWidth="280" frameHeight="410" />
</TextureAtlas>
