{"followLerp":0.04,"defaultCamZoom":0.7,"dadOffset":[-69,28],"sprites":[{"pos":[-582,-157],"src":"stages/scratch cat/fnf scratch blocks","shader":"","beatTween":{"x":0,"ease":"linear","y":0},"alpha":1,"scrollFactor":[0,1],"antialiasing":false,"name":"fnf scratch blocks","animation":null,"type":"Bitmap","scale":2.5},{"pos":[-391,-88],"src":"stages/scratch cat/blocks","shader":null,"beatTween":{"x":0,"ease":"quartOut","y":30},"alpha":1,"scrollFactor":[1.35,0.8],"antialiasing":true,"name":"blocks","animation":null,"type":"Bitmap","scale":2},{"pos":[338,138],"src":"","shader":"","beatTween":null,"alpha":1,"scrollFactor":[0.95,0.95],"antialiasing":true,"name":"Girlfriend","animation":null,"type":"GF","scale":1},{"pos":[31,128],"src":"","shader":"","beatTween":null,"alpha":1,"scrollFactor":[1,1],"antialiasing":true,"name":"Dad","animation":null,"type":"Dad","scale":1},{"pos":[883,485],"src":"","shader":"","beatTween":null,"alpha":1,"scrollFactor":[1,1],"antialiasing":true,"name":"Boyfriend","animation":null,"type":"BF","scale":1}],"gfOffset":[-62,8],"bfOffset":[113,35]}