{
	"arrowColors": null,
	"camOffset": {
		"x": -50,
		"y": 50
	},
	"globalOffset": {
		"x": -60,
		"y": 110
	},
	"healthbarColor": "#31B0D1",
	"flipX": false,
	"anims": [
		{
			"indices": null,
			"x": 0,
			"y": 0,
			"anim": "bf-cat fear",
			"loop": true,
			"name": "scared",
			"framerate": 24
		},
		{
			"indices": null,
			"x": 0,
			"y": 0,
			"anim": "bf-cat leftfail",
			"loop": false,
			"name": "singRIGHTmiss",
			"framerate": 24
		},
		{
			"indices": null,
			"x": 0,
			"y": 0,
			"anim": "bf-cat down0",
			"loop": false,
			"name": "singDOWN",
			"framerate": 24
		},
		{
			"indices": null,
			"x": 0,
			"y": 0,
			"anim": "bf-cat rightfail",
			"loop": false,
			"name": "singLEFTmiss",
			"framerate": 24
		},
		{
			"indices": null,
			"x": 0,
			"y": 0,
			"anim": "bf-cat up0",
			"loop": false,
			"name": "singUP",
			"framerate": 24
		},
		{
			"indices": null,
			"x": 0,
			"y": 0,
			"anim": "bf-cat pose",
			"loop": false,
			"name": "hey",
			"framerate": 24
		},
		{
			"indices": null,
			"x": 0,
			"y": 0,
			"anim": "bf-cat idle",
			"loop": false,
			"name": "idle",
			"framerate": 24
		},
		{
			"indices": null,
			"x": 0,
			"y": 0,
			"anim": "bf-cat left0",
			"loop": false,
			"name": "singRIGHT",
			"framerate": 24
		},
		{
			"indices": null,
			"x": 0,
			"y": 0,
			"anim": "bf-cat downfail",
			"loop": false,
			"name": "singDOWNmiss",
			"framerate": 24
		},
		{
			"indices": null,
			"x": 0,
			"y": 0,
			"anim": "bf-cat upfail",
			"loop": false,
			"name": "singUPmiss",
			"framerate": 24
		},
		{
			"indices": null,
			"x": 0,
			"y": 0,
			"anim": "bf-cat right0",
			"loop": false,
			"name": "singLEFT",
			"framerate": 24
		}
	],
	"danceSteps": [
		"idle"
	],
	"antialiasing": true,
	"healthIconSteps": [
		[
			20,
			0
		],
		[
			0,
			1
		]
	],
	"scale": 1
}