<?xml version='1.0' encoding='utf-8'?>
<TextureAtlas imagePath="bf-cat.png">
<SubTexture name="bf-cat down0000" x="837" y="1996" width="409" height="472" frameX="-90" frameY="-178" frameWidth="525" frameHeight="660" />
<SubTexture name="bf-cat down0001" x="2181" y="1461" width="421" height="484" frameX="-63" frameY="-166" frameWidth="525" frameHeight="660" />
<SubTexture name="bf-cat downfail0000" x="849" y="1014" width="433" height="490" frameX="-50" frameY="-159" frameWidth="525" frameHeight="660" />
<SubTexture name="bf-cat downfail0001" x="1282" y="1014" width="433" height="490" frameX="-50" frameY="-159" frameWidth="525" frameHeight="660" />
<SubTexture name="bf-cat fear0000" x="1756" y="0" width="425" height="490" frameX="-58" frameY="-161" frameWidth="525" frameHeight="660" />
<SubTexture name="bf-cat fear0001" x="1320" y="495" width="425" height="493" frameX="-61" frameY="-158" frameWidth="525" frameHeight="660" />
<SubTexture name="bf-cat fear0002" x="424" y="1014" width="425" height="491" frameX="-61" frameY="-160" frameWidth="525" frameHeight="660" />
<SubTexture name="bf-cat idle0000" x="418" y="1996" width="419" height="482" frameX="-74" frameY="-167" frameWidth="525" frameHeight="660" />
<SubTexture name="bf-cat idle0001" x="2181" y="975" width="422" height="486" frameX="-65" frameY="-163" frameWidth="525" frameHeight="660" />
<SubTexture name="bf-cat idle0002" x="2181" y="0" width="423" height="488" frameX="-62" frameY="-161" frameWidth="525" frameHeight="660" />
<SubTexture name="bf-cat idle0003" x="424" y="1506" width="423" height="489" frameX="-60" frameY="-161" frameWidth="525" frameHeight="660" />
<SubTexture name="bf-cat idle0004" x="1756" y="490" width="424" height="490" frameX="-57" frameY="-160" frameWidth="525" frameHeight="660" />
<SubTexture name="bf-cat right0000" x="0" y="1996" width="418" height="483" frameX="-101" frameY="-168" frameWidth="525" frameHeight="660" />
<SubTexture name="bf-cat right0001" x="0" y="1014" width="424" height="492" frameX="-90" frameY="-159" frameWidth="525" frameHeight="660" />
<SubTexture name="bf-cat rightfail0000" x="436" y="0" width="450" height="503" frameX="-75" frameY="-148" frameWidth="525" frameHeight="660" />
<SubTexture name="bf-cat rightfail0001" x="886" y="0" width="434" height="503" frameX="-79" frameY="-148" frameWidth="525" frameHeight="660" />
<SubTexture name="bf-cat pose0000" x="0" y="514" width="424" height="500" frameX="-58" frameY="-150" frameWidth="525" frameHeight="660" />
<SubTexture name="bf-cat pose0001" x="1756" y="980" width="424" height="490" frameX="-58" frameY="-161" frameWidth="525" frameHeight="660" />
<SubTexture name="bf-cat pose0002" x="0" y="1506" width="424" height="490" frameX="-58" frameY="-161" frameWidth="525" frameHeight="660" />
<SubTexture name="bf-cat left0000" x="2181" y="488" width="423" height="487" frameX="-14" frameY="-162" frameWidth="525" frameHeight="660" />
<SubTexture name="bf-cat left0001" x="847" y="1506" width="424" height="489" frameX="-20" frameY="-161" frameWidth="525" frameHeight="660" />
<SubTexture name="bf-cat leftfail0000" x="1271" y="1506" width="441" height="489" frameX="-6" frameY="-161" frameWidth="525" frameHeight="660" />
<SubTexture name="bf-cat leftfail0001" x="1712" y="1506" width="441" height="489" frameX="-3" frameY="-161" frameWidth="525" frameHeight="660" />
<SubTexture name="bf-cat up0000" x="424" y="514" width="427" height="500" frameX="-40" frameY="-152" frameWidth="525" frameHeight="660" />
<SubTexture name="bf-cat up0001" x="851" y="514" width="426" height="495" frameX="-49" frameY="-156" frameWidth="525" frameHeight="660" />
<SubTexture name="bf-cat upfail0000" x="0" y="0" width="436" height="514" frameX="-40" frameY="-137" frameWidth="525" frameHeight="660" />
<SubTexture name="bf-cat upfail0001" x="1320" y="0" width="436" height="495" frameX="-40" frameY="-156" frameWidth="525" frameHeight="660" />
</TextureAtlas>
