{
	"arrowColors": null,
	"camOffset": {
		"x": 0,
		"y": 0
	},
	"globalOffset": {
		"x": -180,
		"y": 180
	},
	"healthbarColor": "#000000",
	"flipX": false,
	"anims": [
		{
			"indices": null,
			"x": 0,
			"y": 0,
			"anim": "pibbycat rightglitch",
			"loop": false,
			"name": "singRIGHT-alt",
			"framerate": 24
		},
		{
			"indices": null,
			"x": 0,
			"y": 0,
			"anim": "pibbycat down0",
			"loop": false,
			"name": "singDOWN",
			"framerate": 24
		},
		{
			"indices": null,
			"x": 0,
			"y": 0,
			"anim": "pibbycat leftglitch",
			"loop": false,
			"name": "singLEFT-alt",
			"framerate": 24
		},
		{
			"indices": null,
			"x": 0,
			"y": 0,
			"anim": "pibbycat up0",
			"loop": false,
			"name": "singUP",
			"framerate": 24
		},
		{
			"indices": null,
			"x": -0.333333333333336,
			"y": 0,
			"anim": "pibbycat idle",
			"loop": false,
			"name": "idle",
			"framerate": 24
		},
		{
			"indices": null,
			"x": 0,
			"y": 0,
			"anim": "pibbycat right0",
			"loop": false,
			"name": "singRIGHT",
			"framerate": 24
		},
		{
			"indices": null,
			"x": 0,
			"y": 0,
			"anim": "pibbycat downglitch",
			"loop": false,
			"name": "singDOWN-alt",
			"framerate": 24
		},
		{
			"indices": null,
			"x": 0,
			"y": 0,
			"anim": "pibbycat left0",
			"loop": false,
			"name": "singLEFT",
			"framerate": 24
		},
		{
			"indices": null,
			"x": 0,
			"y": 0,
			"anim": "pibbycat upglitch",
			"loop": false,
			"name": "singUP-alt",
			"framerate": 24
		}
	],
	"danceSteps": [
		"idle"
	],
	"antialiasing": true,
	"healthIconSteps": [
		[
			20,
			0
		],
		[
			0,
			1
		]
	],
	"scale": 1
}