<?xml version='1.0' encoding='utf-8'?>
<TextureAtlas imagePath="pibbycat.png"><SubTexture name="pibbycat idle0000" x="0" y="0" width="784" height="594" frameX="0" frameY="0" frameWidth="784" frameHeight="594" />
<SubTexture name="pibbycat idle0001" x="784" y="0" width="784" height="594" frameX="0" frameY="0" frameWidth="784" frameHeight="594" />
<SubTexture name="pibbycat idle0002" x="1568" y="0" width="784" height="594" frameX="0" frameY="0" frameWidth="784" frameHeight="594" />
<SubTexture name="pibbycat idle0003" x="2352" y="0" width="784" height="594" frameX="0" frameY="0" frameWidth="784" frameHeight="594" />
<SubTexture name="pibbycat idle0004" x="3136" y="0" width="784" height="594" frameX="0" frameY="0" frameWidth="784" frameHeight="594" />
<SubTexture name="pibbycat idle0005" x="3920" y="0" width="784" height="594" frameX="0" frameY="0" frameWidth="784" frameHeight="594" />
<SubTexture name="pibbycat left0000" x="0" y="594" width="784" height="594" frameX="0" frameY="0" frameWidth="784" frameHeight="594" />
<SubTexture name="pibbycat left0001" x="784" y="594" width="784" height="594" frameX="0" frameY="0" frameWidth="784" frameHeight="594" />
<SubTexture name="pibbycat left0002" x="1568" y="594" width="784" height="594" frameX="0" frameY="0" frameWidth="784" frameHeight="594" />
<SubTexture name="pibbycat left0003" x="2352" y="594" width="784" height="594" frameX="0" frameY="0" frameWidth="784" frameHeight="594" />
<SubTexture name="pibbycat left0004" x="3136" y="594" width="784" height="594" frameX="0" frameY="0" frameWidth="784" frameHeight="594" />
<SubTexture name="pibbycat right0000" x="3920" y="594" width="784" height="594" frameX="0" frameY="0" frameWidth="784" frameHeight="594" />
<SubTexture name="pibbycat right0001" x="0" y="1188" width="784" height="594" frameX="0" frameY="0" frameWidth="784" frameHeight="594" />
<SubTexture name="pibbycat right0002" x="784" y="1188" width="784" height="594" frameX="0" frameY="0" frameWidth="784" frameHeight="594" />
<SubTexture name="pibbycat right0003" x="1568" y="1188" width="784" height="594" frameX="0" frameY="0" frameWidth="784" frameHeight="594" />
<SubTexture name="pibbycat right0004" x="2352" y="1188" width="784" height="594" frameX="0" frameY="0" frameWidth="784" frameHeight="594" />
<SubTexture name="pibbycat up0000" x="3136" y="1188" width="784" height="594" frameX="0" frameY="0" frameWidth="784" frameHeight="594" />
<SubTexture name="pibbycat up0001" x="3920" y="1188" width="784" height="594" frameX="0" frameY="0" frameWidth="784" frameHeight="594" />
<SubTexture name="pibbycat up0002" x="0" y="1782" width="784" height="594" frameX="0" frameY="0" frameWidth="784" frameHeight="594" />
<SubTexture name="pibbycat up0003" x="784" y="1782" width="784" height="594" frameX="0" frameY="0" frameWidth="784" frameHeight="594" />
<SubTexture name="pibbycat up0004" x="1568" y="1782" width="784" height="594" frameX="0" frameY="0" frameWidth="784" frameHeight="594" />
<SubTexture name="pibbycat down0000" x="2352" y="1782" width="784" height="594" frameX="0" frameY="0" frameWidth="784" frameHeight="594" />
<SubTexture name="pibbycat down0001" x="3136" y="1782" width="784" height="594" frameX="0" frameY="0" frameWidth="784" frameHeight="594" />
<SubTexture name="pibbycat down0002" x="3920" y="1782" width="784" height="594" frameX="0" frameY="0" frameWidth="784" frameHeight="594" />
<SubTexture name="pibbycat down0003" x="0" y="2376" width="784" height="594" frameX="0" frameY="0" frameWidth="784" frameHeight="594" />
<SubTexture name="pibbycat down0004" x="784" y="2376" width="784" height="594" frameX="0" frameY="0" frameWidth="784" frameHeight="594" />
<SubTexture name="pibbycat leftglitch0000" x="1568" y="2376" width="784" height="594" frameX="0" frameY="0" frameWidth="784" frameHeight="594" />
<SubTexture name="pibbycat leftglitch0001" x="2352" y="2376" width="784" height="594" frameX="0" frameY="0" frameWidth="784" frameHeight="594" />
<SubTexture name="pibbycat leftglitch0002" x="3136" y="2376" width="784" height="594" frameX="0" frameY="0" frameWidth="784" frameHeight="594" />
<SubTexture name="pibbycat leftglitch0003" x="3920" y="2376" width="784" height="594" frameX="0" frameY="0" frameWidth="784" frameHeight="594" />
<SubTexture name="pibbycat leftglitch0004" x="0" y="2970" width="784" height="594" frameX="0" frameY="0" frameWidth="784" frameHeight="594" />
<SubTexture name="pibbycat rightglitch0000" x="784" y="2970" width="784" height="594" frameX="0" frameY="0" frameWidth="784" frameHeight="594" />
<SubTexture name="pibbycat rightglitch0001" x="1568" y="2970" width="784" height="594" frameX="0" frameY="0" frameWidth="784" frameHeight="594" />
<SubTexture name="pibbycat rightglitch0002" x="2352" y="2970" width="784" height="594" frameX="0" frameY="0" frameWidth="784" frameHeight="594" />
<SubTexture name="pibbycat rightglitch0003" x="3136" y="2970" width="784" height="594" frameX="0" frameY="0" frameWidth="784" frameHeight="594" />
<SubTexture name="pibbycat rightglitch0004" x="3920" y="2970" width="784" height="594" frameX="0" frameY="0" frameWidth="784" frameHeight="594" />
<SubTexture name="pibbycat upglitch0000" x="0" y="3564" width="784" height="594" frameX="0" frameY="0" frameWidth="784" frameHeight="594" />
<SubTexture name="pibbycat upglitch0001" x="784" y="3564" width="784" height="594" frameX="0" frameY="0" frameWidth="784" frameHeight="594" />
<SubTexture name="pibbycat upglitch0002" x="1568" y="3564" width="784" height="594" frameX="0" frameY="0" frameWidth="784" frameHeight="594" />
<SubTexture name="pibbycat upglitch0003" x="2352" y="3564" width="784" height="594" frameX="0" frameY="0" frameWidth="784" frameHeight="594" />
<SubTexture name="pibbycat upglitch0004" x="3136" y="3564" width="784" height="594" frameX="0" frameY="0" frameWidth="784" frameHeight="594" />
<SubTexture name="pibbycat downglitch0000" x="3920" y="3564" width="784" height="594" frameX="0" frameY="0" frameWidth="784" frameHeight="594" />
<SubTexture name="pibbycat downglitch0001" x="0" y="4158" width="784" height="594" frameX="0" frameY="0" frameWidth="784" frameHeight="594" />
<SubTexture name="pibbycat downglitch0002" x="784" y="4158" width="784" height="594" frameX="0" frameY="0" frameWidth="784" frameHeight="594" />
<SubTexture name="pibbycat downglitch0003" x="1568" y="4158" width="784" height="594" frameX="0" frameY="0" frameWidth="784" frameHeight="594" />
<SubTexture name="pibbycat downglitch0004" x="2352" y="4158" width="784" height="594" frameX="0" frameY="0" frameWidth="784" frameHeight="594" />
</TextureAtlas>
